"ESTADO DA BAHIA";;;;;;;;;;;;;;;;;"";;;;;;;;
;;;;;;;;;;;;;;;;
"PREFEITURA MUNICIPAL DE ALAGOINHAS";;;;;;;;;;;;;;;;;;;;;;;;;;
"Relação de Contratos";;;;;;;;;;;;;;;;;;;;;;;;;;

"ABRIL/2026";;;;;

"Contrato";;;;;;;;;;;;"Processo";;;;"Assinatura";"Situação";"Credor/Fornecedor";;;;"Vigência";;;;;;;;"Valor";;
;;;;;;;;;;;;;;;;;;;;;;"Início";;;;"Fim";;;;;;
"001-2025";;;;;;;;;;;;"DL0001-2025";;;;"14/01/2025";"VENCIDO";"EXEMPLAR SERVICE E LIMPEZA LTDA";;;;"14/01/2025";;;;"13/07/2025";;;;"R$ 16.328.970,60";;

"Gestor/Fiscal";;;;;;;;;;;;;"Nome";;;;"Unid. Orçamentária";;"Órgão";;;;;;;"Data Início";;;"Data Fim"

"Objeto:";;;;;;;;"CONTRATAÇÃO EMERGENCIAL DE EMPRESA ESPECIALIZADA PARA PRESTAÇÃO DE SERVIÇOS TERCEIRIZADOS DE LIMPEZA E CONSERVAÇÃO, APOIO OPERACIONAL, ADMINISTRATIVO, COVEIRO, MANUTENÇÃO PREDIAL, COPEIRO, PORTEIRO E MAQUEIRO, SOB REGIME DE TERCEIRIZAÇÃO CONTÍNUA, COM O OBJETIVO DE ATENDER ÀS DEMANDAS IMEDIATAS DO MUNICÍPIO DE ALAGOINHAS – BAHIA";;;;;;;;;;;;;;;;;;;;
"002-2024";;;;;;;;;;;;"14809-2023";;;;"29/01/2024";"VENCIDO";"SIMONY LOPES DA SILVA REIS 01385302542";;;;"29/01/2024";;;;"29/04/2024";;;;"R$ 3.200,00";;
;;;;;;;;;;;;;;;;;;;;;;;;;;;;;;;;
;;;;;;;;;;;;;;;;;;;;;;;;;;;;;;;;

"Gestor/Fiscal";;;;;;;;;;;;;"Nome";;;;"Unid. Orçamentária";;"Órgão";;;;;;;"Data Início";;;"Data Fim"

"Objeto:";;;;;;;;"CONTRATAÇÃO DE PALESTRANTE EM FORMATO PRESENCIAL DA JORNADA PEDAGOGICA DO ANO DE 2024, COM O TEMA PRINCIPAL: “ESCREVIVENCIAS EDUCACIONAIS DO CORPO-TERRITÓRIO ALAGOINHAS”, QUE SERÁ REALIZADA EM 06 DE MARÇO DE 2024, PARA ATENDER A SECRETARIA MUNICIPAL DE EDUCAÇÃO DE ALAGOINHAS- BAHIA.";;;;;;;;;;;;;;;;;;;;
"003-2024";;;;;;;;;;;;"7285-2023";;;;"28/02/2024";"VENCIDO";"SOFTPLAN PLANEJAMENTO E SISTEMAS S/A";;;;"28/02/2024";;;;"28/02/2025";;;;"R$ 155.084,91";;
;;;;;;;;;;;;;;;;;;;;;;;;;;;;;;;;
;;;;;;;;;;;;;;;;;;;;;;;;;;;;;;;;

"Gestor/Fiscal";;;;;;;;;;;;;"Nome";;;;"Unid. Orçamentária";;"Órgão";;;;;;;"Data Início";;;"Data Fim"

"Objeto:";;;;;;;;"CONTRATAÇÃO DE EMPRESA ESPECIALIZADA PARA PRESTAÇÃO DE SERVIÇO DE DISPONIBILIZAÇÃO DE LICENÇA DE USO MENSAL DA SOLUÇÃO INTEGRADA DE GESTÃO DE PROCESSOS JUDICIAIS ELETRÔNICOS PARA PROCURADORIAS, PARA A INFORMATIZAÇÃO DA PROCURADORIA DO MUNICIPIO DE ALAGOINHAS, NO ÂMBITO DA EXECUÇÃO FISCAL, DO CONTENCIOSO JUDICIAL EM GERAL E SAJ INSIGHTS LITE.";;;;;;;;;;;;;;;;;;;;
"004-2023";;;;;;;;;;;;"13097-2022";;;;"23/02/2023";"VENCIDO";"NAS CONSULTORIA E SERVICOS DE ENGENHARIA EIRELI";;;;"23/02/2023";;;;"23/02/2024";;;;"R$ 227.896,05";;
;;;;;;;;;;;;;;;;;;;;;;;;;;;;;;;;
;;;;;;;;;;;;;;;;;;;;;;;;;;;;;;;;
"";;"Gestor/Fiscal";;;;;;;;;;;;;"Nome";;;;"Unid. Orçamentária";;"Órgão";;;;;;;"Data Início";;;"Data Fim";""
;;;;;;;;;;;;;;;;;;;;;;;;;;;;;

"Objeto:";;;;;;;;"EXECUÇÃO DE MANUTENÇÃO DE ESTRADA VICINAL NA COMUNIDADE DE DIZAI NO MUNICÍPIO DE ALAGOINHAS, CONFORME CONTRATO DE REPASSE N° 913270/2021/MAPA/CAIXA";;;;;;;;;;;;;;;;;;;;
"";;;;;;;;"";;;;;;;;;;;;;;;;;;;;

"004-2024";;;;;;;;;;;;"9010";;;;"29/01/2024";"VENCIDO";"SANTOS NETO & BOA SORTE ADVOGADOS ASSOCIADOS";;;;"29/01/2024";;;;"29/01/2025";;;;"R$ 298.800,00";;
"";;"Gestor/Fiscal";;;;;;;;;;;;;"Nome";;;;"Unid. Orçamentária";;"Órgão";;;;;;;"Data Início";;;"Data Fim";""
;;;;;;;;;;;;;;;;;;;;;;;;;;;;;

"Objeto:";;;;;;;;"CONTRATAÇÃO DE EMPRESA PARA PRESTAÇÃO DE SERVIÇOS DE ASSESSORIA E CONSULTORIA NA ÁREA TRIBUTÁRIA RELATIVOS A REPASSE DE RECEITAS QUE PERTECEM AO MUNICÍPIO, ASSESSORAMENTO EM AUDITORIAS FISCAIS E NA ELABORAÇÃO DE LEGISLAÇÃO PROPRIA, E ASSESSORIA E CONSULTORIA PARA APURAÇÃO DO ÍNDICE DE VALOR ADICIONADO DO ICMS.";;;;;;;;;;;;;;;;;;;;
"004-2025";;;;;;;;;;;;"11662";;;;"03/02/2025";"VENCIDO";"AILTON CORREIA MARTINS EPP";;;;"04/02/2025";;;;"02/02/2026";;;;"R$ 13.790,00";;
;;;;;;;;;;;;;;;;;;;;;;;;;;;;;;;;
;;;;;;;;;;;;;;;;;;;;;;;;;;;;;;;;

"Gestor/Fiscal";;;;;;;;;;;;;"Nome";;;;"Unid. Orçamentária";;"Órgão";;;;;;;"Data Início";;;"Data Fim"

"Objeto:";;;;;;;;"PRESTAÇÃO DE SERVIÇO EPSECIALIZADO EM PLATAFORMA WEB PARA HOSPEDAGEM DE WEBSITE INSTITUCIONAL COM OS SUBDOMINIOS, CERTIFICADO SSL WILDCARD, BEM COMO SERVIÇOS DE HOSPEDAGEM DE WEBMAIL COM SUPORTE INTEGRADO";;;;;;;;;;;;;;;;;;;;
"";;;;;;;;"";;;;;;;;;;;;;;;;;;;;


"Contabilis - Desenvolvido por 3Tecnos Tecnologia  /   /       Chave do Filtro: KM4N-XALJ-MBKY-ALLJ-8D7S
SPID: 8216";;;;;;;;;;;;;;;;;;;;"";;;;;"Página 1 de 34";;;;;;;
"ESTADO DA BAHIA";;;;;;;;;;;;;;;;;"";;;;;;;;
;;;;;;;;;;;;;;;;
"PREFEITURA MUNICIPAL DE ALAGOINHAS";;;;;;;;;;;;;;;;;;;;;;;;;;
"Relação de Contratos";;;;;;;;;;;;;;;;;;;;;;;;;;

"ABRIL/2026";;;;;

"Contrato";;;;;;;;;;;;"Processo";;;;"Assinatura";"Situação";"Credor/Fornecedor";;;;"Vigência";;;;;;;;"Valor";;
;;;;;;;;;;;;;;;;;;;;;;"Início";;;;"Fim";;;;;;
"005-2024";;;;;;;;;;;;"336-2023";;;;"08/02/2024";"VENCIDO";"COOPERATIVA DOS AGRICULTORES FAMILIARES E ECONOMIA SOLIDÁRIA DO LITORAL NORTE E AGRESTE DE ALAGOINHA - BAHIA";;;;"08/02/2024";;;;"08/02/2025";;;;"R$ 1.559.997,05";;
"";;"Gestor/Fiscal";;;;;;;;;;;;;"Nome";;;;"Unid. Orçamentária";;"Órgão";;;;;;;"Data Início";;;"Data Fim";""
;;;;;;;;;;;;;;;;;;;;;;;;;;;;;

"Objeto:";;;;;;;;"É objeto desta contratação é a Chamada Pública é a aquisição de gêneros alimentícios da agricultura familiar para a alimentação escolar, contemplando os alunos da Educação Infantil, Ensino Fundamental, Educação de Jovens e Adultos (EJA) e Atendimento Educacional Especializado (AEE), de acordo com os quantitativos e especificações constantes neste Termo de Referência, para entrega parcelada, semanalmente ou quinzenalmente de acordo com a solicitação da SEDUC, verba FNDE/PNAE/DIVERSOS PROGRAMAS, descritos nos itens enumerados na Cláusula sexta, todos de acordo com a CHAMADA PÚBLICA n.º002/2023, o qual fica fazendo parte integrante do presente contrato, independentemente de anexação ou transcrição.";;;;;;;;;;;;;;;;;;;;
"006-2024";;;;;;;;;;;;"336-2023";;;;"08/02/2024";"VENCIDO";"ASSOCIAÇÃO DO DESENVOLVIMENTO DO BAIXO SUL - ADEBASUL";;;;"08/02/2024";;;;"08/02/2025";;;;"R$ 1.294.195,30";;
"";;"Gestor/Fiscal";;;;;;;;;;;;;"Nome";;;;"Unid. Orçamentária";;"Órgão";;;;;;;"Data Início";;;"Data Fim";""
;;;;;;;;;;;;;;;;;;;;;;;;;;;;;;;;
"";;;;;;;;;;;;;;;;;;;;;;;;;;;;;;;
;;;;;;;;;;;;;;;;;;;;;;;;;;;;;

"Objeto:";;;;;;;;"É objeto desta contratação é a Chamada Pública é a aquisição de gêneros alimentícios da agricultura familiar para a alimentação escolar, contemplando os alunos da Educação Infantil, Ensino Fundamental, Educação de Jovens e Adultos (EJA) e Atendimento Educacional Especializado (AEE), de acordo com os quantitativos e especificações constantes neste Termo de Referência, para entrega parcelada, semanalmente ou quinzenalmente de acordo com a solicitação da SEDUC, verba FNDE/PNAE/DIVERSOS PROGRAMAS, descritos nos itens enumerados na Cláusula sexta, todos de acordo com a CHAMADA PÚBLICA n.º002/2023, o qual fica fazendo parte integrante do presente contrato, independentemente de anexação ou transcrição.";;;;;;;;;;;;;;;;;;;;
"007-2024";;;;;;;;;;;;"138-2024";;;;"29/01/2024";"VENCIDO";"AILTON CORREIA MARTINS EPP";;;;"29/01/2024";;;;"29/01/2025";;;;"R$ 105.209,00";;
"";;;;;;;;"";;;;;;;;;;;;;;;;;;;;
"";;"Gestor/Fiscal";;;;;;;;;;;;;"Nome";;;;"Unid. Orçamentária";;"Órgão";;;;;;;"Data Início";;;"Data Fim"
"";;;;;;;;;;;;;;;;;;;;;;;;;;;;;;;
;;;;;;;;;;;;;;;;;;;;;;;;;;;;;

"Objeto:";;;;;;;;"AQUISIÇÃO DE TONERS NOVOS E RECARREGADOS BEM COMO A TROCA DE CHIP, LÂMINA, ROLO MAGNÉTICO, CILINDRO, MANUTENÇÃO PREVENTIVA E CONSERTOS DAS IMPRESSORAS, COM REPOSIÇÃO DE PEÇAS PARA ATENDER DEPARTAMENTOS DA SEMAS – SECRETARIA MUNICIPAL DE ASSISTÊNCIA SOCIAL DO MUNICÍPIO DE ALAGOINHAS/BAHIA";;;;;;;;;;;;;;;;;;;;
"008-2024";;;;;;;;;;;;"9856-2022";;;;"29/01/2024";"VENCIDO";"BAHIA COMÉRCIO E SERVIÇOS LTDA";;;;"29/01/2024";;;;"29/01/2025";;;;"R$ 41.896,92";;
;;;;;;;;;;;;;;;;;;;;;;;;;;;;;;;;
;;;;;;;;;;;;;;;;;;;;;;;;;;;;;;;;

"Gestor/Fiscal";;;;;;;;;;;;;"Nome";;;;"Unid. Orçamentária";;"Órgão";;;;;;;"Data Início";;;"Data Fim"

"Objeto:";;;;;;;;"AQUISIÇÃO DE GÊNEROS ALIMENTÍCIOS PARA OTIMIZAR AS ATIVIDADES DOS DIVERSOS PROGRAMAS E ATENDER AS NECESSIDADES DA SECRETARIA MUNICIPAL DE ASSISTÊNCIA SOCIAL DO MUNICÍPIO DE ALAGOINHAS-BA";;;;;;;;;;;;;;;;;;;;
"";;;;;;;;"";;;;;;;;;;;;;;;;;;;;

"009-2024";;;;;;;;;;;;"10150-2023";;;;"15/02/2024";"VENCIDO";"SERVIÇO NACIONAL DE APRENDIZAGEM INDUSTRIAL-SENAI";;;;"15/02/2024";;;;"15/02/2025";;;;"R$ 350.214,80";;
"";;"Gestor/Fiscal";;;;;;;;;;;;;"Nome";;;;"Unid. Orçamentária";;"Órgão";;;;;;;"Data Início";;;"Data Fim";""
;;;;;;;;;;;;;;;;;;;;;;;;;;;;;

"Objeto:";;;;;;;;"O presente Contrato tem como objeto a CONTRATAÇÃO DE EMPRESA PARA A PRESTAÇÃO DE SERVIÇO DE EXECUÇÃO DO PTS – PROJETO TÉCNICO SOCIAL DO RESIDENCIAL URUPIARA.";;;;;;;;;;;;;;;;;;;;
"";;;;;;;;"";;;;;;;;;;;;;;;;;;;;

"011-2023";;;;;;;;;;;;"8684-2021";;;;"03/02/2023";"VENCIDO";"F. R. SERVICOS MEDICOS LTDA";;;;"03/02/2023";;;;"03/02/2024";;;;"R$ 96.000,00";;

"Gestor/Fiscal";;;;;;;;;;;;;"Nome";;;;"Unid. Orçamentária";;"Órgão";;;;;;;"Data Início";;;"Data Fim"

"Objeto:";;;;;;;;"CREDENCIAMENTO DE PROFISSIONAlS MEDICOS PARA PRESTAÇAO DE SERViÇOS DE SAÚDE, DE FORMA COMPLEMENTAR E EXCEPCIONAL JUNTO AO SISTEMA UNICO DE SAUDE, QUE TENHAM HABILITAgAO PARAO EXERClCIO DAS FUNgOESPREVISTAS NO EDITAL, PARA ATUAgAO NAS UNIDADES DE SAÚDE, VINCULADAS A SECRETARIA MUNICIPAL DA SAUDE DE ALAGOINHAS";;;;;;;;;;;;;;;;;;;;
;;;;;;;;;;;;;;;;;;;;;;;;;;;;
"";;;;;;;;"";;;;;;;;;;;;;;;;;;;;

"Contabilis - Desenvolvido por 3Tecnos Tecnologia  /   /       Chave do Filtro: KM4N-XALJ-MBKY-ALLJ-8D7S
SPID: 8216";;;;;;;;;;;;;;;;;;;;"";;;;;"Página 2 de 34";;;;;;;
"ESTADO DA BAHIA";;;;;;;;;;;;;;;;;"";;;;;;;;
;;;;;;;;;;;;;;;;
"PREFEITURA MUNICIPAL DE ALAGOINHAS";;;;;;;;;;;;;;;;;;;;;;;;;;
"Relação de Contratos";;;;;;;;;;;;;;;;;;;;;;;;;;

"ABRIL/2026";;;;;

"Contrato";;;;;;;;;;;;"Processo";;;;"Assinatura";"Situação";"Credor/Fornecedor";;;;"Vigência";;;;;;;;"Valor";;
;;;;;;;;;;;;;;;;;;;;;;"Início";;;;"Fim";;;;;;
"011-2024";;;;;;;;;;;;"1019-2024";;;;"02/02/2024";"VENCIDO";"MARIA DA CONCEIÇÃO FIGUEIREDO - ME";;;;"02/02/2024";;;;"02/05/2024";;;;"R$ 100.000,00";;

"Gestor/Fiscal";;;;;;;;;;;;;"Nome";;;;"Unid. Orçamentária";;"Órgão";;;;;;;"Data Início";;;"Data Fim"

"Objeto:";;;;;;;;"CONTRATAÇÃO DE ATRAÇÃO ARTÍSTICA PARA APRESENTAÇÃO DE SHOW MUSICAL DO CANTOR EDSON GOMES NA FESTA DA SAGRADA FAMÍLIA NO DISTRITO DE BOA UNIÃO NO MUNICIPIO DE ALAGOINHAS- BAHIA.";;;;;;;;;;;;;;;;;;;;
"";;;;;;;;"";;;;;;;;;;;;;;;;;;;;

"012-2020";;;;;;;;;;;;"INEX0049-2019";;;;"20/01/2020";"VENCIDO";"SERVICO FEDERAL DE PROCESSAMENTO DE DADOS (SERPRO)";;;;"20/01/2020";;;;"20/01/2025";;;;"R$ 6.922,08";;
"";;"Gestor/Fiscal";;;;;;;;;;;;;"Nome";;;;"Unid. Orçamentária";;"Órgão";;;;;;;"Data Início";;;"Data Fim";""
;;;;;;;;;;;;;;;;;;;;;;;;;;;;;

"Objeto:";;;;;;;;"Serviços especializados de tecnologia da informação, denominado “INFOCONV”, que consiste na disponibilização do acesso à base de dados dos sistemas da Secretaria Especial da Receita Federal do Brasil (RFB)";;;;;;;;;;;;;;;;;;;;
"";;;;;;;;"";;;;;;;;;;;;;;;;;;;;

"012-2023";;;;;;;;;;;;"8684-2021";;;;"03/02/2023";"VENCIDO";"F. R. SERVICOS MEDICOS LTDA";;;;"03/02/2023";;;;"03/02/2024";;;;"R$ 115.200,00";;

"Gestor/Fiscal";;;;;;;;;;;;;"Nome";;;;"Unid. Orçamentária";;"Órgão";;;;;;;"Data Início";;;"Data Fim"

"Objeto:";;;;;;;;"CREDENCIAMENTO DE PROFISSIONAIS MEDICOS PARA PRESTAÇAO DE SERViÇOS DE SAÚDE, DE FORMA  COMPLEMENTAR E
EXCEPCIONAL JUNTO AO SISTEMA ÚNICO DE SAÚDE, QUE TENHAM HABILITAÇAO PARA O EXERClCIO DAS FUNÇOES PREVISTAS NO EDITAL, PARA ATUAÇAO NAS UNIDADES DE SAÚDE, VINCULADAS A SECRETARIA MUNICIPAL DA SAÚDE DE ALAGOINHAS";;;;;;;;;;;;;;;;;;;;
"012-2024";;;;;;;;;;;;"1364/2024";;;;"02/02/2024";"VENCIDO";"ULTRA PROMOCOES E EVENTOS LTDA";;;;"02/02/2024";;;;"02/05/2024";;;;"R$ 180.000,00";;
;;;;;;;;;;;;;;;;;;;;;;;;;;;;;;;;
;;;;;;;;;;;;;;;;;;;;;;;;;;;;;;;;

"Gestor/Fiscal";;;;;;;;;;;;;"Nome";;;;"Unid. Orçamentária";;"Órgão";;;;;;;"Data Início";;;"Data Fim"

"Objeto:";;;;;;;;"CONTRATAÇÃO DE ATRAÇÃO ARTÍSTICA PARA
APRESENTAÇÃO DE SHOW MUSICAL DA BANDA ZEZO NA FESTA DE NOSSA SENHORA DA
GUIA NO DISTRITO RIACHO DA GUIA NO MUNICIPIO DE ALAGOINHAS- BAHIA";;;;;;;;;;;;;;;;;;;;
"013-2024";;;;;;;;;;;;"1316-2024";;;;"02/02/2024";"VENCIDO";"OK PRODUCOES E REPRESENTACOES ARTISTICAS LTDA";;;;"02/02/2024";;;;"02/05/2024";;;;"R$ 50.000,00";;
;;;;;;;;;;;;;;;;;;;;;;;;;;;;;;;;
;;;;;;;;;;;;;;;;;;;;;;;;;;;;;;;;
"";;"Gestor/Fiscal";;;;;;;;;;;;;"Nome";;;;"Unid. Orçamentária";;"Órgão";;;;;;;"Data Início";;;"Data Fim";""
;;;;;;;;;;;;;;;;;;;;;;;;;;;;;

"Objeto:";;;;;;;;"CONTRATAÇÃO DE ATRAÇÃO ARTÍSTICA PARA APRESENTAÇÃO DE SHOW MUSICAL DA BANDA KAELZINHO FERRAZ NA FESTA DE  NOSSA SENHORA DA GUIA NO DISTRITO RIACHO DA GUIA NO MUNICIPIO DE ALAGOINHAS- BAHIA.";;;;;;;;;;;;;;;;;;;;
"";;;;;;;;"";;;;;;;;;;;;;;;;;;;;

"014-2024";;;;;;;;;;;;"1132-2024";;;;"02/02/2024";"VENCIDO";"MULLER MAGNO SOUZA DOS SANTOS 06921307565";;;;"02/02/2024";;;;"02/05/2024";;;;"R$ 35.000,00";;

"Gestor/Fiscal";;;;;;;;;;;;;"Nome";;;;"Unid. Orçamentária";;"Órgão";;;;;;;"Data Início";;;"Data Fim"

"Objeto:";;;;;;;;"CONTRATAÇÃO DE ATRAÇÃO ARTÍSTICA PARA APRESENTAÇÃO DE SHOW MUSICAL DO ARTISTA MULLER MAGNO NA FESTA DE NOSSA SENHORA DA GUIA NO DISTRITO DO RIACHO DA GUIA DO MUNICÍPIO DE ALAGOINHAS- BAHIA";;;;;;;;;;;;;;;;;;;;
"";;;;;;;;"";;;;;;;;;;;;;;;;;;;;


"Contabilis - Desenvolvido por 3Tecnos Tecnologia  /   /       Chave do Filtro: KM4N-XALJ-MBKY-ALLJ-8D7S
SPID: 8216";;;;;;;;;;;;;;;;;;;;"";;;;;"Página 3 de 34";;;;;;;
"ESTADO DA BAHIA";;;;;;;;;;;;;;;;;"";;;;;;;;
;;;;;;;;;;;;;;;;
"PREFEITURA MUNICIPAL DE ALAGOINHAS";;;;;;;;;;;;;;;;;;;;;;;;;;
"Relação de Contratos";;;;;;;;;;;;;;;;;;;;;;;;;;

"ABRIL/2026";;;;;

"Contrato";;;;;;;;;;;;"Processo";;;;"Assinatura";"Situação";"Credor/Fornecedor";;;;"Vigência";;;;;;;;"Valor";;
;;;;;;;;;;;;;;;;;;;;;;"Início";;;;"Fim";;;;;;
"015-2023";;;;;;;;;;;;"8684-2021";;;;"14/03/2023";"VENCIDO";"CAPITH MED SERVICOS MEDICOS LTDA";;;;"14/03/2023";;;;"14/03/2024";;;;"R$ 445.500,00";;

"Gestor/Fiscal";;;;;;;;;;;;;"Nome";;;;"Unid. Orçamentária";;"Órgão";;;;;;;"Data Início";;;"Data Fim"

"Objeto:";;;;;;;;"CREDENCIAMENTO DE PROFISSIONAIS MÉDICOS PARA PRESTAÇÃO DE SERVIÇOS DE SAÚDE, DE FORMA COMPLEMENTAR E EXCEPCIUONAL JUNTO AO SISTEMA ÚNICO DE SAÚDE, QUE TENHAM HABILITAÇÃO PARA O EXERCÍCIO DAS FUNÇÕES PREVISTAS NO EDITAL, PARA ATUAÇÃO NAS UNIDADES DE SAÚDE, VINCULADAS À SECRETARIA MUNICIPAL DE SAÚDE DE ALAGOINHAS.";;;;;;;;;;;;;;;;;;;;
"015-2024";;;;;;;;;;;;"967-2024";;;;"02/02/2024";"VENCIDO";"INTENSE ENTRETENIMENTO LTDA";;;;"02/02/2024";;;;"02/05/2024";;;;"R$ 35.000,00";;
;;;;;;;;;;;;;;;;;;;;;;;;;;;;;;;;
;;;;;;;;;;;;;;;;;;;;;;;;;;;;;;;;

"Gestor/Fiscal";;;;;;;;;;;;;"Nome";;;;"Unid. Orçamentária";;"Órgão";;;;;;;"Data Início";;;"Data Fim"

"Objeto:";;;;;;;;"CONTRATAÇÃO DE ATRAÇÃO ARTÍSTICA PARA APRESENTAÇÃO DE SHOW MUSICAL DA BANDA IKARO MENDES NA FESTA DA SAGRADA FAMÍLIA NO DISTRITO DE BOA UNIÃO NO MUNICIPIO DE ALAGOINHAS- BAHIA.";;;;;;;;;;;;;;;;;;;;
"";;;;;;;;"";;;;;;;;;;;;;;;;;;;;

"016-2024";;;;;;;;;;;;"1352-2024";;;;"02/02/2024";"VENCIDO";"J. MARQUES DOS SANTOS";;;;"02/02/2024";;;;"02/05/2024";;;;"R$ 25.000,00";;

"Gestor/Fiscal";;;;;;;;;;;;;"Nome";;;;"Unid. Orçamentária";;"Órgão";;;;;;;"Data Início";;;"Data Fim"

"Objeto:";;;;;;;;"CONTRATAÇÃO DE ATRAÇÃO ARTÍSTICA PARA APRESENTAÇÃO DE SHOW MUSICAL DA BANDA D BONNÉ NA FESTA DA SAGRADA FAMÍLIA NO DISTRITO DE BOA UNIÃO NO MUNICIPIO DE ALAGOINHAS- BAHIA.";;;;;;;;;;;;;;;;;;;;
"";;;;;;;;"";;;;;;;;;;;;;;;;;;;;

"017-2023";;;;;;;;;;;;"11510-2022";;;;"15/02/2023";"VENCIDO";"ASSOCIACAO BAIANA DE RECICLAGEM - ABR";;;;"15/02/2023";;;;"15/02/2024";;;;"R$ 6.354.913,08";;

"Gestor/Fiscal";;;;;;;;;;;;;"Nome";;;;"Unid. Orçamentária";;"Órgão";;;;;;;"Data Início";;;"Data Fim"

"Objeto:";;;;;;;;"CONTRATAÇÃO DE ASSOCIAÇÃO DE CATADORES DE MATERIAIS RECICLÁVEIS PARA UNIFICAÇÃO DAS COOPERATIVAS E ASSOCIAÇÕES DA CIDADE, PARA REALIZAÇÃO DE SERVIÇOS AUXILIARES NA COLETA E MANEJO CORRETO DOS RESÍDUOS SÓLIDOS URBANOS RECICLÁVEIS E/OU REUTILIZÁVEIS EM RESIDÊNCAS, ESTABELECIMENTOS COMERCIAIS, VIAS PÚBLICAS DE DIFÍCIL ACESSO, ÓRGÃOS PÚBLICOS E PRIVADOS, DISTRITOS E POVOADOS DO MUNICÍPIO DE ALAGOINHAS-BA, VISANDO A VARRIÇÃO SELETIVA, TRIAGEM E BENEFICIAMENTO DOS RESÍDUOS COLETADOS.";;;;;;;;;;;;;;;;;;;;
"018-2023";;;;;;;;;;;;"1782-2023";;;;"13/04/2023";"VENCIDO";"P ALVES CONSULTORIA E SERVICOS LTDA";;;;"13/04/2023";;;;"13/04/2024";;;;"R$ 300.000,00";;
;;;;;;;;;;;;;;;;;;;;;;;;;;;;;;;;
"";;;;;;;;"";;;;;;;;;;;;;;;;;;;;

"Gestor/Fiscal";;;;;;;;;;;;;"Nome";;;;"Unid. Orçamentária";;"Órgão";;;;;;;"Data Início";;;"Data Fim"

"Objeto:";;;;;;;;"CONTRATAÇÃO DE EMPRESA PARA A MODERNIZAÇÃO DDA GESTÃO DA INFORMAÇÃO, ENVOLVENDO CONSULTORIA ESPECIALIZADA EM GESTÃO DOCUMENTAL, DIGITALIZAÇÃO DE DOCUMENTOS E LICENÇA DE USO DE SISTEMA INFORMATIZADO DESTA SECRETARIA RELATIVOS A PROCESSOS DE PAGAMENTOS, DOCUMENTAÇÃO CONTÁBIL, PRESTAÇÃO DE CONTAS, PROCESSOS LICITATÓRIOSE JURÍDICOS, E PRONTUÁRIOS DOS SERVIDORES, BEM COMO A DIGITALIZAÇÃO DE TODOS OS PROCESSOS ADMINISTRATIVOS NO ÂMBITO MUNICIPAL, ESTADUAL E FEDERAL DA SECRETARIA MUNICIPAL DE EDUCAÇÃO DO MUNICÍPIO DE ALAGOINHAS-BAHIA";;;;;;;;;;;;;;;;;;;;
"019-2023";;;;;;;;;;;;"1974-2023";;;;"24/02/2023";"VENCIDO";"TAVARES & TAVARES EMPREENDIMENTOS COMERCIAIS LTDA";;;;"24/02/2023";;;;"24/02/2024";;;;"R$ 201.970,00";;
"";;"Gestor/Fiscal";;;;;;;;;;;;;"Nome";;;;"Unid. Orçamentária";;"Órgão";;;;;;;"Data Início";;;"Data Fim";""
;;;;;;;;;;;;;;;;;;;;;;;;;;;;;;;;
"";;;;;;;;;;;;;;;;;;;;;;;;;;;;;;;
;;;;;;;;;;;;;;;;;;;;;;;;;;;;;

"Objeto:";;;;;;;;"SECRETARIA MUNICIPAL DA EDUCAÇÃO DE ALAGOINHAS E A TAVARES & TAVARES EMPREENDIMENTOS COMERCIAIS LTDA, TENDO POR OBJETO DA AQUISIÇÃO DE MATERIAIS DIDÁTICOS IMPRESSOS, COMPLEMENTARES E DE APOIO PEDAGÓGICO A SEREM UTILIZADOS POR ESTUDANTES E DOCENTES DOS 1°, 2°, 3° 4° E 5° ANOS DO ENSINO FUNDAMENTAL, COM GARANTIA, DE ACORDO COM AS CONDIÇÕES, EXIGÊNCIAS E AS ESPECIFICAÇÕES TÉCNICAS ESTABELECIDAS, ATENDENDO AS NECESSIDADES DA SECRETARIA MUNICIPAL DA EDUCAÇÃO DE ALAGOINHAS-BAHIA.";;;;;;;;;;;;;;;;;;;;
;;;;;;;;;;;;;;;;;;;;;;;;;;;;
"";;;;;;;;"";;;;;;;;;;;;;;;;;;;;

"Contabilis - Desenvolvido por 3Tecnos Tecnologia  /   /       Chave do Filtro: KM4N-XALJ-MBKY-ALLJ-8D7S
SPID: 8216";;;;;;;;;;;;;;;;;;;;"";;;;;"Página 4 de 34";;;;;;;
"ESTADO DA BAHIA";;;;;;;;;;;;;;;;;"";;;;;;;;
;;;;;;;;;;;;;;;;
"PREFEITURA MUNICIPAL DE ALAGOINHAS";;;;;;;;;;;;;;;;;;;;;;;;;;
"Relação de Contratos";;;;;;;;;;;;;;;;;;;;;;;;;;

"ABRIL/2026";;;;;

"Contrato";;;;;;;;;;;;"Processo";;;;"Assinatura";"Situação";"Credor/Fornecedor";;;;"Vigência";;;;;;;;"Valor";;
;;;;;;;;;;;;;;;;;;;;;;"Início";;;;"Fim";;;;;;
"020-2023";;;;;;;;;;;;"1953-2023";;;;"24/02/2023";"VENCIDO";"OVERVIEW SERVICOS GRAFICOS LTDA";;;;"24/02/2023";;;;"24/02/2024";;;;"R$ 906.841,66";;

"Gestor/Fiscal";;;;;;;;;;;;;"Nome";;;;"Unid. Orçamentária";;"Órgão";;;;;;;"Data Início";;;"Data Fim"

"Objeto:";;;;;;;;"SECRETARIA MUNICIPAL DA EDUCAÇÃO DE ALAGOINHAS E A OVERVIEW SERVIÇOS GRÁFICOS LTDA, TENDO POR OBJETO DA AQUISIÇÃO DE MATERIAIS DIDÁTICOS IMPRESSOS, COMPLEMENTARES E DE APOIO PEDAGÓGICO A SEREM UTILIZADOS POR ESTUDANTES E DOCENTES DOS 1°, 2°, 3° 4° E 5° ANOS DO ENSINO FUNDAMENTAL, COM GARANTIA, DE ACORDO COM AS CONDIÇÕES, EXIGÊNCIAS E AS ESPECIFICAÇÕES TÉCNICAS ESTABELECIDAS, ATENDENDO AS NECESSIDADES DA SECRETARIA MUNICIPAL DA EDUCAÇÃO DE ALAGOINHAS-BAHIA.";;;;;;;;;;;;;;;;;;;;
"020-2024";;;;;;;;;;;;"9926-2023";;;;"08/03/2024";"VENCIDO";"PORTO SEGURO COMPANHIA DE SEGUROS GERAIS";;;;"08/03/2024";;;;"08/03/2025";;;;"R$ 124.900,00";;
;;;;;;;;;;;;;;;;;;;;;;;;;;;;;;;;
"";;;;;;;;"";;;;;;;;;;;;;;;;;;;;

"Gestor/Fiscal";;;;;;;;;;;;;"Nome";;;;"Unid. Orçamentária";;"Órgão";;;;;;;"Data Início";;;"Data Fim"

"Objeto:";;;;;;;;"CONTRATAÇÃO DE EMPRESA PARA PRESTAÇÃO DE SERVIÇO DE SEGURO VEICULAR PARA ATENDER AS NECESSIDADES DAS DIVERSAS SECRETARIAS DA PREFEITURA MUNICIPAL DE ALAGOINHAS/BAHIA";;;;;;;;;;;;;;;;;;;;
"";;;;;;;;"";;;;;;;;;;;;;;;;;;;;

"021-2023";;;;;;;;;;;;"13694-2022";;;;"07/03/2023";"VENCIDO";"GENIVALDO DE SANTANA SOUZA";;;;"07/03/2023";;;;"07/03/2024";;;;"R$ 86.400,00";;

"Gestor/Fiscal";;;;;;;;;;;;;"Nome";;;;"Unid. Orçamentária";;"Órgão";;;;;;;"Data Início";;;"Data Fim"

"Objeto:";;;;;;;;"LOCAÇÃO DE IMÓVEL PARA FUNCIONAMENTO DA ESCOLA SANTA TEREZINHA PARA ATENDER AOS ALUNOS DO FUNDAMENTAL I E EJA, SITUADO À RUA DR. JOÃO DANTAS, N° 1230/1232, BAIRRO SANTA TEREZINHA, MUNICÍPIO DE ALAGOINHAS-BAHIA DE PROPRIEDADE DE GENIVALDO DE SANTANA SOUZA DE ACORDO ÀS NECESSIDADES DA SECRETARUA MUNICIPAL DEEDUCAÇÃO DO MUNICÍPIO.";;;;;;;;;;;;;;;;;;;;
"023-2023";;;;;;;;;;;;"11736-2022";;;;"07/03/2023";"VENCIDO";"IDEAL CONSTRUCAO E PAVIMENTACAO LTDA";;;;"07/03/2023";;;;"07/03/2024";;;;"R$ 3.913.378,27";;
;;;;;;;;;;;;;;;;;;;;;;;;;;;;;;;;
;;;;;;;;;;;;;;;;;;;;;;;;;;;;;;;;

"Gestor/Fiscal";;;;;;;;;;;;;"Nome";;;;"Unid. Orçamentária";;"Órgão";;;;;;;"Data Início";;;"Data Fim"

"Objeto:";;;;;;;;"EXECUÇÃO DE OBRA DE MACRODRENAGEM, LOCALIZADA NO BAIRRO PARQUE REGENTE E TRECHOS DE MICRODRENAGE, E PAVIMENTAÇÃO, LOCALIZADA NA POLIGONAL NOROESTE, NA SEDE DO MUNICÍPIO DE ALAGOINHAS/BA - CONTRATO DE REPASSE N° 0245835-63/2007 CAIXA ECONÔMICA FEDERAL/MINISTÉRIO DAS CIDADES E TESOURO MUNICIPAL.";;;;;;;;;;;;;;;;;;;;
"024-2024";;;;;;;;;;;;"2081";;;;"23/02/2024";"VENCIDO";"50.832.957 SANDLE JOSE DE ARAUJO BINA";;;;"23/02/2024";;;;"23/05/2024";;;;"R$ 10.000,00";;
;;;;;;;;;;;;;;;;;;;;;;;;;;;;;;;;
;;;;;;;;;;;;;;;;;;;;;;;;;;;;;;;;

"Gestor/Fiscal";;;;;;;;;;;;;"Nome";;;;"Unid. Orçamentária";;"Órgão";;;;;;;"Data Início";;;"Data Fim"

"Objeto:";;;;;;;;"CONTRATAÇÃO DE ATRAÇÃO ARTÍSTICA PARA
APRESENTAÇÃO DE SHOW MUSICAL DA BANDA SAM ARAUJO NO EVENTO FORRÓ PRA VOCÊ
2º EDIÇÃO DO MUNICÍPIO DE ALAGOINHAS- BAHIA.";;;;;;;;;;;;;;;;;;;;
"025-2023";;;;;;;;;;;;"7448-2022";;;;"31/05/2023";"VENCIDO";"P A S EMPREENDIMENTOS E SERVICOS LTDA";;;;"31/05/2023";;;;"31/05/2024";;;;"R$ 274.517,84";;
;;;;;;;;;;;;;;;;;;;;;;;;;;;;;;;;
;;;;;;;;;;;;;;;;;;;;;;;;;;;;;;;;

"Gestor/Fiscal";;;;;;;;;;;;;"Nome";;;;"Unid. Orçamentária";;"Órgão";;;;;;;"Data Início";;;"Data Fim"

"Objeto:";;;;;;;;"CONTRATAÇAO DE EMPRESA PARA EXECUÇAO DE REFORMA DA USF SANTA TEREZINHA, CONFORME PROPOSTA DE NUMERO 1325.6980001/18-016 DO MINISTÉRIO DA SAUDE";;;;;;;;;;;;;;;;;;;;
"";;;;;;;;"";;;;;;;;;;;;;;;;;;;;


"Contabilis - Desenvolvido por 3Tecnos Tecnologia  /   /       Chave do Filtro: KM4N-XALJ-MBKY-ALLJ-8D7S
SPID: 8216";;;;;;;;;;;;;;;;;;;;"";;;;;"Página 5 de 34";;;;;;;
"ESTADO DA BAHIA";;;;;;;;;;;;;;;;;"";;;;;;;;
;;;;;;;;;;;;;;;;
"PREFEITURA MUNICIPAL DE ALAGOINHAS";;;;;;;;;;;;;;;;;;;;;;;;;;
"Relação de Contratos";;;;;;;;;;;;;;;;;;;;;;;;;;

"ABRIL/2026";;;;;

"Contrato";;;;;;;;;;;;"Processo";;;;"Assinatura";"Situação";"Credor/Fornecedor";;;;"Vigência";;;;;;;;"Valor";;
;;;;;;;;;;;;;;;;;;;;;;"Início";;;;"Fim";;;;;;
"025-2024";;;;;;;;;;;;"2082";;;;"23/02/2024";"VENCIDO";"J. MARQUES DOS SANTOS";;;;"23/02/2024";;;;"23/05/2024";;;;"R$ 30.000,00";;

"Gestor/Fiscal";;;;;;;;;;;;;"Nome";;;;"Unid. Orçamentária";;"Órgão";;;;;;;"Data Início";;;"Data Fim"

"Objeto:";;;;;;;;"CONTRATAÇÃO DE ATRAÇÃO ARTÍSTICA PARA
APRESENTAÇÃO DE SHOW MUSICAL DA BANDA LUANA TEXEIRA NO EVENTO FORRÓ PRA
VOCÊ 2º EDIÇÃO DO MUNICÍPIO DE ALAGOINHAS- BAHIA";;;;;;;;;;;;;;;;;;;;
"026-2024";;;;;;;;;;;;"2079";;;;"23/02/2024";"VENCIDO";"ERIC DA SILVA GOMES 99639122572";;;;"23/02/2024";;;;"23/05/2025";;;;"R$ 30.000,00";;
;;;;;;;;;;;;;;;;;;;;;;;;;;;;;;;;
;;;;;;;;;;;;;;;;;;;;;;;;;;;;;;;;

"Gestor/Fiscal";;;;;;;;;;;;;"Nome";;;;"Unid. Orçamentária";;"Órgão";;;;;;;"Data Início";;;"Data Fim"

"Objeto:";;;;;;;;"CONTRATAÇÃO DE ATRAÇÃO ARTÍSTICA PARA
APRESENTAÇÃO DE SHOW MUSICAL DO CANTOR ERIC GOMES NO EVENTO FORRÓ PRA
VOCÊ 2º EDIÇÃO DO MUNICÍPIO DE ALAGOINHAS- BAHIA";;;;;;;;;;;;;;;;;;;;
"028-2023";;;;;;;;;;;;"4689-2022";;;;"03/03/2023";"VENCIDO";"CONSTRUTORA JN E TERRAPLENAGEM LTDA";;;;"03/03/2023";;;;"03/03/2024";;;;"R$ 1.354.603,74";;
;;;;;;;;;;;;;;;;;;;;;;;;;;;;;;;;
;;;;;;;;;;;;;;;;;;;;;;;;;;;;;;;;

"Gestor/Fiscal";;;;;;;;;;;;;"Nome";;;;"Unid. Orçamentária";;"Órgão";;;;;;;"Data Início";;;"Data Fim"

"Objeto:";;;;;;;;"MANUTENÇÃO E CONSERVAÇÃO DE PAVIMENTO ASFÁLTICO EM CBUQ, PMF, E MICROREVESTIMENTO NO MUNICÍPIO DE ALAGOINHAS-BAHIA.";;;;;;;;;;;;;;;;;;;;
"";;;;;;;;"";;;;;;;;;;;;;;;;;;;;

"028-2024";;;;;;;;;;;;"5215-2023";;;;"27/02/2024";"VENCIDO";"MIREIS ROSA PEREIRA";;;;"27/02/2024";;;;"27/01/2025";;;;"R$ 21.780,00";;

"Gestor/Fiscal";;;;;;;;;;;;;"Nome";;;;"Unid. Orçamentária";;"Órgão";;;;;;;"Data Início";;;"Data Fim"

"Objeto:";;;;;;;;"CREDENCIAMENTO DE PROFISSIONAIS, E/OU PESSOAS JURÍDICAS, VISANDO A REALIZAÇÃO DE OFICINAS PRESENCIAIS PARA DESENVOLVER ATIVIDADES DE DANÇA, ATIVIDADES ESPORTIVAS ADAPTADAS PARA PESSOAS IDOSAS, ATIVIDADES ESPORTIVAS PARA CRIANÇAS, ATIVIDADES ESPORTIVAS ADAPTADAS PARA PESSOAS COM DEFICIÊNCIA E ATIVIDADES DE TREINAMENTO FUNCIONAL E ALONGAMENTOS, NO ÂMBITO DO PROGRAMA MOVA-SE";;;;;;;;;;;;;;;;;;;;
"029-2024";;;;;;;;;;;;"5215-2023";;;;"27/02/2024";"VENCIDO";"LETÍCIA DE ALMEIDA BORGES";;;;"27/02/2024";;;;"27/02/2025";;;;"R$ 6.050,00";;
;;;;;;;;;;;;;;;;;;;;;;;;;;;;;;;;
;;;;;;;;;;;;;;;;;;;;;;;;;;;;;;;;

"Gestor/Fiscal";;;;;;;;;;;;;"Nome";;;;"Unid. Orçamentária";;"Órgão";;;;;;;"Data Início";;;"Data Fim"

"Objeto:";;;;;;;;"Constitui objeto do presente instrumento o CREDENCIAMENTO DE PROFISSIONAIS, E/OU PESSOAS JURÍDICAS, VISANDO A REALIZAÇÃO DE OFICINAS PRESENCIAIS PARA DESENVOLVER ATIVIDADES DE DANÇA, ATIVIDADES ESPORTIVAS ADAPTADAS PARA PESSOAS IDOSAS, ATIVIDADES ESPORTIVAS PARA CRIANÇAS, ATIVIDADES ESPORTIVAS ADAPTADAS PARA PESSOAS COM DEFICIÊNCIA E ATIVIDADES DE TREINAMENTO FUNCIONAL E ALONGAMENTOS, NO ÂMBITO DO PROGRAMA MOVA-SE, de acordo com as especificações constantes do edital de credenciamento 004/2023 e respectivos anexos.";;;;;;;;;;;;;;;;;;;;
"030-2024";;;;;;;;;;;;"5215-2023";;;;"27/02/2024";"VENCIDO";"ROSEMÊRE DIOGO DE BARROS";;;;"27/02/2024";;;;"27/01/2025";;;;"R$ 22.000,00";;
;;;;;;;;;;;;;;;;;;;;;;;;;;;;;;;;
"";;;;;;;;"";;;;;;;;;;;;;;;;;;;;

"Gestor/Fiscal";;;;;;;;;;;;;"Nome";;;;"Unid. Orçamentária";;"Órgão";;;;;;;"Data Início";;;"Data Fim"

"Objeto:";;;;;;;;"Constitui objeto do presente instrumento o CREDENCIAMENTO DE PROFISSIONAIS, E/OU PESSOAS JURÍDICAS, VISANDO A REALIZAÇÃO DE OFICINAS PRESENCIAIS PARA DESENVOLVER ATIVIDADES DE DANÇA, ATIVIDADES ESPORTIVAS ADAPTADAS PARA PESSOAS IDOSAS, ATIVIDADES ESPORTIVAS PARA CRIANÇAS, ATIVIDADES ESPORTIVAS ADAPTADAS PARA PESSOAS COM DEFICIÊNCIA E ATIVIDADES DE TREINAMENTO FUNCIONAL E ALONGAMENTOS, NO ÂMBITO DO PROGRAMA MOVA-SE, de acordo com as especificações constantes do edital de credenciamento 004/2023 e respectivos anexos.";;;;;;;;;;;;;;;;;;;;
;;;;;;;;;;;;;;;;;;;;;;;;;;;;
"";;;;;;;;"";;;;;;;;;;;;;;;;;;;;

"Contabilis - Desenvolvido por 3Tecnos Tecnologia  /   /       Chave do Filtro: KM4N-XALJ-MBKY-ALLJ-8D7S
SPID: 8216";;;;;;;;;;;;;;;;;;;;"";;;;;"Página 6 de 34";;;;;;;
"ESTADO DA BAHIA";;;;;;;;;;;;;;;;;"";;;;;;;;
;;;;;;;;;;;;;;;;
"PREFEITURA MUNICIPAL DE ALAGOINHAS";;;;;;;;;;;;;;;;;;;;;;;;;;
"Relação de Contratos";;;;;;;;;;;;;;;;;;;;;;;;;;

"ABRIL/2026";;;;;

"Contrato";;;;;;;;;;;;"Processo";;;;"Assinatura";"Situação";"Credor/Fornecedor";;;;"Vigência";;;;;;;;"Valor";;
;;;;;;;;;;;;;;;;;;;;;;"Início";;;;"Fim";;;;;;
"031-2023";;;;;;;;;;;;"11637-2022";;;;"13/03/2023";"VENCIDO";"CONSTRUCOES E TRANSPORTES GS2 LTDA";;;;"13/03/2023";;;;"13/03/2024";;;;"R$ 1.066.172,41";;

"Gestor/Fiscal";;;;;;;;;;;;;"Nome";;;;"Unid. Orçamentária";;"Órgão";;;;;;;"Data Início";;;"Data Fim"

"Objeto:";;;;;;;;"EXECUÇÃO DE PAVIMENTAÇÃO E DRENAGEM DA RUA HOLANDESA, TRAVESSA SÃO JOSÉ NO BAIRRO JARDIM PETROLAR NO MUNICÍPIO DE ALAGOINHAS.";;;;;;;;;;;;;;;;;;;;
"";;;;;;;;"";;;;;;;;;;;;;;;;;;;;

"031-2024";;;;;;;;;;;;"5215-2023";;;;"27/02/2024";"VENCIDO";"MARIA CRISTINA XAVIER ARAGÃO";;;;"27/02/2024";;;;"27/01/2025";;;;"R$ 19.800,00";;

"Gestor/Fiscal";;;;;;;;;;;;;"Nome";;;;"Unid. Orçamentária";;"Órgão";;;;;;;"Data Início";;;"Data Fim"

"Objeto:";;;;;;;;"CREDENCIAMENTO DE PROFISSIONAIS, E/OU PESSOAS JURÍDICAS, VISANDO A REALIZAÇÃO DE OFICINAS PRESENCIAIS PARA DESENVOLVER ATIVIDADES DE DANÇA, ATIVIDADES ESPORTIVAS ADAPTADAS PARA PESSOAS IDOSAS, ATIVIDADES ESPORTIVAS PARA CRIANÇAS, ATIVIDADES ESPORTIVAS ADAPTADAS PARA PESSOAS COM DEFICIÊNCIA E ATIVIDADES DE TREINAMENTO FUNCIONAL E ALONGAMENTOS, NO ÂMBITO DO PROGRAMA MOVA-SE";;;;;;;;;;;;;;;;;;;;
"032-2024";;;;;;;;;;;;"5215-2023";;;;"27/02/2024";"VENCIDO";"CAIO ALVANNIÊ CONCEIÇÃO CAETANO";;;;"27/02/2024";;;;"27/01/2025";;;;"R$ 11.000,00";;
;;;;;;;;;;;;;;;;;;;;;;;;;;;;;;;;
;;;;;;;;;;;;;;;;;;;;;;;;;;;;;;;;

"Gestor/Fiscal";;;;;;;;;;;;;"Nome";;;;"Unid. Orçamentária";;"Órgão";;;;;;;"Data Início";;;"Data Fim"

"Objeto:";;;;;;;;"CREDENCIAMENTO DE PROFISSIONAIS, E/OU PESSOAS JURÍDICAS, VISANDO A REALIZAÇÃO DE OFICINAS PRESENCIAIS PARA DESENVOLVER ATIVIDADES DE DANÇA, ATIVIDADES ESPORTIVAS ADAPTADAS PARA PESSOAS IDOSAS, ATIVIDADES ESPORTIVAS PARA CRIANÇAS, ATIVIDADES ESPORTIVAS ADAPTADAS PARA PESSOAS COM DEFICIÊNCIA E ATIVIDADES DE TREINAMENTO FUNCIONAL E ALONGAMENTOS, NO ÂMBITO DO PROGRAMA MOVA-SE";;;;;;;;;;;;;;;;;;;;
"033-2023";;;;;;;;;;;;"2352-2021";;;;"04/04/2023";"VENCIDO";"BRAZZAGEO MINERACAO E MEIO AMBIENTE LTDA";;;;"04/04/2023";;;;"04/04/2024";;;;"R$ 72.000,00";;
;;;;;;;;;;;;;;;;;;;;;;;;;;;;;;;;
;;;;;;;;;;;;;;;;;;;;;;;;;;;;;;;;

"Gestor/Fiscal";;;;;;;;;;;;;"Nome";;;;"Unid. Orçamentária";;"Órgão";;;;;;;"Data Início";;;"Data Fim"

"Objeto:";;;;;;;;"PRESTAÇÃO DE SERVIÇOS TÉCNICOS ESPECIALIZADOS PARA REALIZAÇÃO DE ESTUDOS NA LAGOA DO MATO, NO MUNMICÍPIO DE ALAGOINHAS/BA, COM OBJETIVO DE ANALISAR AS CAUSAS DE REBAIXAMENTO DO SEU ESPELHO D'ÁGUA, BEM COMO DEFINIR QUAIS PROVIDÊNCIAS PODERÃO SER ADOTADAS PARA RECUPERAÇÃO E REVITALIZAÇÃO AMBIENTAL DO LENÇOL FREÁTICO E ESPELHO D'ÁGUA, SOB AS COORDENADAS REFERÊNCIA DO LOCAL DE LATITUDE 12° 6'57.80''S E LONGITUDE 38°25'45.63''O";;;;;;;;;;;;;;;;;;;;
"033-2024";;;;;;;;;;;;"5215";;;;"27/02/2024";"VENCIDO";"DOUGLAS DE OLIVEIRA SILVA";;;;"27/02/2024";;;;"27/01/2025";;;;"R$ 21.780,00";;
;;;;;;;;;;;;;;;;;;;;;;;;;;;;;;;;
"";;;;;;;;"";;;;;;;;;;;;;;;;;;;;

"Gestor/Fiscal";;;;;;;;;;;;;"Nome";;;;"Unid. Orçamentária";;"Órgão";;;;;;;"Data Início";;;"Data Fim"

"Objeto:";;;;;;;;"CREDENCIAMENTO DE PROFISSIONAIS, E/OU PESSOAS JURÍDICAS, VISANDO A REALIZAÇÃO DE OFICINAS PRESENCIAIS PARA DESENVOLVER ATIVIDADES DE DANÇA, ATIVIDADES ESPORTIVAS ADAPTADAS PARA PESSOAS IDOSAS, ATIVIDADES ESPORTIVAS PARA CRIANÇAS, ATIVIDADES ESPORTIVAS ADAPTADAS PARA PESSOAS COM DEFICIÊNCIA E ATIVIDADES DE TREINAMENTO FUNCIONAL E ALONGAMENTOS, NO ÂMBITO DO PROGRAMA MOVA-SE";;;;;;;;;;;;;;;;;;;;
"034-2023";;;;;;;;;;;;"13329-2022";;;;"13/04/2023";"VENCIDO";"RG EDUCACAO - SOLUCOES EDUCACIONAIS LTDA";;;;"13/04/2023";;;;"13/04/2024";;;;"R$ 372.740,00";;
;;;;;;;;;;;;;;;;;;;;;;;;;;;;;;;;
;;;;;;;;;;;;;;;;;;;;;;;;;;;;;;;;

"Gestor/Fiscal";;;;;;;;;;;;;"Nome";;;;"Unid. Orçamentária";;"Órgão";;;;;;;"Data Início";;;"Data Fim"

"Objeto:";;;;;;;;"CONTRATAÇÃO PARA AQUISIÇÃO DE LIVROS DIDÁTICOS PARA ESTUDANTES REGULARMENTE MATRICULADOS NA EDUCAÇÃO DE JOVENS E ADULTOS DE REDE MUNICIPAL DE ENSINO, PARA ATENDER A SECRETARIA MUNICIPAL DE EDUCAÇÃO DO MUNICÍPIO DE ALAGOINHAS-BA";;;;;;;;;;;;;;;;;;;;
"";;;;;;;;"";;;;;;;;;;;;;;;;;;;;


"Contabilis - Desenvolvido por 3Tecnos Tecnologia  /   /       Chave do Filtro: KM4N-XALJ-MBKY-ALLJ-8D7S
SPID: 8216";;;;;;;;;;;;;;;;;;;;"";;;;;"Página 7 de 34";;;;;;;
"ESTADO DA BAHIA";;;;;;;;;;;;;;;;;"";;;;;;;;
;;;;;;;;;;;;;;;;
"PREFEITURA MUNICIPAL DE ALAGOINHAS";;;;;;;;;;;;;;;;;;;;;;;;;;
"Relação de Contratos";;;;;;;;;;;;;;;;;;;;;;;;;;

"ABRIL/2026";;;;;

"Contrato";;;;;;;;;;;;"Processo";;;;"Assinatura";"Situação";"Credor/Fornecedor";;;;"Vigência";;;;;;;;"Valor";;
;;;;;;;;;;;;;;;;;;;;;;"Início";;;;"Fim";;;;;;
"034-2024";;;;;;;;;;;;"5215-2023";;;;"27/02/2024";"VENCIDO";"DEISE DA SILVA MARTINS";;;;"27/02/2024";;;;"27/01/2025";;;;"R$ 11.000,00";;

"Gestor/Fiscal";;;;;;;;;;;;;"Nome";;;;"Unid. Orçamentária";;"Órgão";;;;;;;"Data Início";;;"Data Fim"

"Objeto:";;;;;;;;"CREDENCIAMENTO DE PROFISSIONAIS, E/OU PESSOAS JURÍDICAS, VISANDO A REALIZAÇÃO DE OFICINAS PRESENCIAIS PARA DESENVOLVER ATIVIDADES DE DANÇA, ATIVIDADES ESPORTIVAS ADAPTADAS PARA PESSOAS IDOSAS, ATIVIDADES ESPORTIVAS PARA CRIANÇAS, ATIVIDADES ESPORTIVAS ADAPTADAS PARA PESSOAS COM DEFICIÊNCIA E ATIVIDADES DE TREINAMENTO FUNCIONAL E ALONGAMENTOS, NO ÂMBITO DO PROGRAMA MOVA-SE";;;;;;;;;;;;;;;;;;;;
"035-2023";;;;;;;;;;;;"1803-2023";;;;"16/03/2023";"VENCIDO";"CRIAR CONSULTORIA E ENGENHARIA EIRELI";;;;"16/03/2023";;;;"16/03/2024";;;;"R$ 216.000,00";;
;;;;;;;;;;;;;;;;;;;;;;;;;;;;;;;;
;;;;;;;;;;;;;;;;;;;;;;;;;;;;;;;;

"Gestor/Fiscal";;;;;;;;;;;;;"Nome";;;;"Unid. Orçamentária";;"Órgão";;;;;;;"Data Início";;;"Data Fim"

"Objeto:";;;;;;;;"CONTRATAÇÃO DE EMPRESA PARA PRESTAÇÃO DE SERVIÇOS DE COMSULTA TÉCNICA E CAPACITAÇÃO NA ÁREA DE ENGENHARIA PARA ACOMPANHAMENTO DE CONVÊNIOS, TERMOS DE COMPROMISSOS E CONTRATOS DE REPASSE DO MUNICÍPIO DE ALAGOINHAS-BA.";;;;;;;;;;;;;;;;;;;;
"";;;;;;;;"";;;;;;;;;;;;;;;;;;;;

"035/2023";;;;;;;;;;;;"009/2023";;;;"16/03/2023";"VENCIDO";"CRIAR CONSULTORIA E ENGENHARIA EIRELI";;;;"16/03/2023";;;;"15/03/2024";;;;"R$ 216.000,00";;

"Gestor/Fiscal";;;;;;;;;;;;;"Nome";;;;"Unid. Orçamentária";;"Órgão";;;;;;;"Data Início";;;"Data Fim"

"Objeto:";;;;;;;;"CONTRATAÇÃO DE EMPRESA PARA PRESTAÇÃO DE SERVIÇOS DE CONSULTORIA TÉCNICA E CAPACITAÇÃO NA ÁREA DE ENGENHARIA PARA ACOMPANHAMENTO DE CONVÊNIOS, TERMOS DE COMPROMISSOS E CONTRATOS DE REPASSE DO MUNICÍPIO DE ALAGOINHAS-BA.";;;;;;;;;;;;;;;;;;;;
"";;;;;;;;"";;;;;;;;;;;;;;;;;;;;

"036-2023";;;;;;;;;;;;"0957";;;;"28/03/2023";"VENCIDO";"A W R SOLUCOES E CONSULTORIA LTDA";;;;"28/03/2023";;;;"28/03/2024";;;;"R$ 17.269,20";;

"Gestor/Fiscal";;;;;;;;;;;;;"Nome";;;;"Unid. Orçamentária";;"Órgão";;;;;;;"Data Início";;;"Data Fim"

"Objeto:";;;;;;;;"CONTRATAÇÃO DE PESSOA JURÍDICA ESPECIALIZADA PARA FORNECIMENTO DE MÁQUINAS OVERLOQUE PARA ATENDER AS NECESSIDADES DA SECRETARIA MUNICIPAL DE ASSISTÊNCIA SOCIAL DE ALAGOINHAS/BA";;;;;;;;;;;;;;;;;;;;
"";;;;;;;;"";;;;;;;;;;;;;;;;;;;;

"036-2024";;;;;;;;;;;;"2246-2024";;;;"29/02/2024";"VENCIDO";"WORK PRODUCOES E ENTRETENIMENTOS LTDA";;;;"29/02/2024";;;;"29/05/2024";;;;"R$ 30.000,00";;

"Gestor/Fiscal";;;;;;;;;;;;;"Nome";;;;"Unid. Orçamentária";;"Órgão";;;;;;;"Data Início";;;"Data Fim"

"Objeto:";;;;;;;;"O presente contrato tem por objeto CONTRATAÇÃO DE ATRAÇÃO ARTÍSTICA PARA APRESEN-TAÇÃO DE SHOW MUSICAL DO CANTOR MIZAEL MATTOS NO EVENTO GOSPEL DAY NO MUNICÍPIO DE ALAGOINHAS- BAHIA.";;;;;;;;;;;;;;;;;;;;
"";;;;;;;;"";;;;;;;;;;;;;;;;;;;;

"037-2023";;;;;;;;;;;;"1139-2023";;;;"24/03/2023";"VENCIDO";"NP TECNOLOGIA E GESTÃO DE DADOS LTDA";;;;"24/03/2023";;;;"24/03/2024";;;;"R$ 41.100,00";;

"Gestor/Fiscal";;;;;;;;;;;;;"Nome";;;;"Unid. Orçamentária";;"Órgão";;;;;;;"Data Início";;;"Data Fim"

"Objeto:";;;;;;;;"CONTRATAÇÃO DE ASSINATURA ANUAL BANCO DE PREÇOS.";;;;;;;;;;;;;;;;;;;;
"";;;;;;;;"";;;;;;;;;;;;;;;;;;;;


"Contabilis - Desenvolvido por 3Tecnos Tecnologia  /   /       Chave do Filtro: KM4N-XALJ-MBKY-ALLJ-8D7S
SPID: 8216";;;;;;;;;;;;;;;;;;;;"";;;;;"Página 8 de 34";;;;;;;
"ESTADO DA BAHIA";;;;;;;;;;;;;;;;;"";;;;;;;;
;;;;;;;;;;;;;;;;
"PREFEITURA MUNICIPAL DE ALAGOINHAS";;;;;;;;;;;;;;;;;;;;;;;;;;
"Relação de Contratos";;;;;;;;;;;;;;;;;;;;;;;;;;

"ABRIL/2026";;;;;

"Contrato";;;;;;;;;;;;"Processo";;;;"Assinatura";"Situação";"Credor/Fornecedor";;;;"Vigência";;;;;;;;"Valor";;
;;;;;;;;;;;;;;;;;;;;;;"Início";;;;"Fim";;;;;;
"040-2024";;;;;;;;;;;;"7816";;;;"07/02/2024";"VENCIDO";"COMERCIAL S. ALMEIDA EIRELI";;;;"07/02/2024";;;;"07/02/2025";;;;"R$ 3.848,00";;

"Gestor/Fiscal";;;;;;;;;;;;;"Nome";;;;"Unid. Orçamentária";;"Órgão";;;;;;;"Data Início";;;"Data Fim"

"Objeto:";;;;;;;;"AQUISIÇÃO DE UTENSÍLIOS DE COZINHA PARA
ATENDER AS UNIDADES ESCOLARES DA REDE DE ENSINO MUNICIPAL, VINCULADAS A
SECRETARIA MUNICIPAL DA EDUCAÇÃO DO MUNICÍPIO DE ALAGOINHAS — BAHIA,";;;;;;;;;;;;;;;;;;;;
"041-2024";;;;;;;;;;;;"7816";;;;"07/02/2024";"VENCIDO";"GOOD'S COMÉRCIO E ALIMENTOS LTDA";;;;"07/02/2024";;;;"07/02/2025";;;;"R$ 357.764,00";;
;;;;;;;;;;;;;;;;;;;;;;;;;;;;;;;;
;;;;;;;;;;;;;;;;;;;;;;;;;;;;;;;;

"Gestor/Fiscal";;;;;;;;;;;;;"Nome";;;;"Unid. Orçamentária";;"Órgão";;;;;;;"Data Início";;;"Data Fim"

"Objeto:";;;;;;;;"AQUISIÇÃO DE UTENSÍLIOS DE COZINHA PARA
ATENDER AS UNIDADES ESCOLARES DA REDE DE ENSINO MUNICIPAL, VINCULADAS A
SECRETARIA MUNICIPAL DA EDUCAÇÃO DO MUNICÍPIO DE ALAGOINHAS —- BAHIA,";;;;;;;;;;;;;;;;;;;;
"042-2023";;;;;;;;;;;;"8684-2021";;;;"23/03/2023";"VENCIDO";"GABA - ANESTESIOLOGIA DA BAHIA LTDA";;;;"26/03/2023";;;;"23/03/2024";;;;"R$ 624.000,00";;
;;;;;;;;;;;;;;;;;;;;;;;;;;;;;;;;
;;;;;;;;;;;;;;;;;;;;;;;;;;;;;;;;

"Gestor/Fiscal";;;;;;;;;;;;;"Nome";;;;"Unid. Orçamentária";;"Órgão";;;;;;;"Data Início";;;"Data Fim"

"Objeto:";;;;;;;;"CREDENCIAMENTO DE PROFISSIONAIS MÉDICOS PARA PRESTAÇÃO DE SERVIÇOS DE SAÚDE, DE FORMA COMPLEMENTAR E EXCEPCIONAL JUNTO AO SISTEMA ÚNICO DE SAÚDE, QUE TENHAM HABILITAÇÃO PARA EXERCÍCIO DAS FUNÇÕES PREVISTAS NO EDITAL, PARA ATUAÇÃO NAS UNIDADES DE SAÚDE, VINCULADAS À SECRETARIA MUNICIPAL DA SAÚDE DE ALAGOINHAS.";;;;;;;;;;;;;;;;;;;;
"042-2024";;;;;;;;;;;;"PE107-2023";;;;"01/07/2024";"VENCIDO";"HAPVIDA ASSISTENCIA MEDICA S A";;;;"01/07/2024";;;;"01/07/2025";;;;"R$ 14.889.919,20";;
;;;;;;;;;;;;;;;;;;;;;;;;;;;;;;;;
;;;;;;;;;;;;;;;;;;;;;;;;;;;;;;;;

"Gestor/Fiscal";;;;;;;;;;;;;"Nome";;;;"Unid. Orçamentária";;"Órgão";;;;;;;"Data Início";;;"Data Fim"

"Objeto:";;;;;;;;"CONTRATAÇÃO DE EMPRESA ESPECIALIZADA, LEGALMENTE HABILITADA COMO OPERADORA DE PLANOS DE SAÚDE, PARA PRESTAÇÃO CONTINUADA DE SERVIÇOS MÉDICOS – HOSPITALARES, AMBULATORIAL, LABORATORIAL, EXAMES COMPLEMENTARES E SERVIÇOS AUXILIARES DE DIAGNÓSTICOS E TERAPIAS, POR INTERMÉDIO DE REDE PRÓPRIA OU CONTRATADA, NA FORMA DE PLANO PRIVADO DE ASSISTÊNCIA À SAÚDE (CONFORME PREVISTO NO INCISO I DO ART. 1º DA LEI Nº 9.656), COM COBERTURA REGIONAL (GRUPO DE MUNICÍPIOS) E GARANTIA DE ATENDIMENTO DE URGÊNCIA E EMERGÊNCIA EM TODO TERRITÓRIO NACIONAL , NA FORMA DISCIPLINADA PELA LEI N° 9.656, DE 03 DE JUNHO DE 1998 E SUAS ALTERAÇÕES ATRAVÉS DE MEDIDAS PROVISÓRIAS, E NORMATIVOS EXPEDIDOS PELA AGENCIA NACIONAL DE SAÚDE SUPLEMENTAR (ANS), NA FORMA DE PLANO COLETIVO EMPRESARIAL, COM REGIME DE PREÇO PRÉ-ESTABELECIDO E MÉTODO DE COPARTICIPAÇÃO, PARA ATENDER AOS SERVIDORES PÚBLICOS ATIVOS, INATIVOS E SEUS DEPENDENTES, DO MUNICÍPIO DE ALAGOINHAS - BA";;;;;;;;;;;;;;;;;;;;
"043-2023";;;;;;;;;;;;"8684-2021";;;;"23/03/2023";"VENCIDO";"F. MOTA SERVICOS MEDICOS E HOSPITALARES LTDA";;;;"23/03/2023";;;;"23/03/2024";;;;"R$ 445.500,00";;
"";;;;;;;;"";;;;;;;;;;;;;;;;;;;;
"";;"Gestor/Fiscal";;;;;;;;;;;;;"Nome";;;;"Unid. Orçamentária";;"Órgão";;;;;;;"Data Início";;;"Data Fim"
;;"";;;;;;"";;;;;;;;;;;;;;;;;;;;
"Objeto:";;;;;;;;"CREDENCIAMENTO DE PROFISSIONAIS MÉDICOS PARA PRESTAÇÃO DE SERVIÇOS DE SAÚDE, DE FORMA COMPLEMNENTAT E EXCEPCIONAL JUNTO AO SISTEMA ÚNICO DE SAÚDE QUE TENHAM HABILITAÇÃO PARA O EXERCÍCIO DAS FUNÇÕES PREVISTAS NO EDITAL, PARA ATUAÇÃO NAS UNIDADES DE SAÚDE, VINCULADAS À SECRETARIA MUNICIPAL DE SAÚDE DE ALAGOINHAS.";;;;;;;;;;;;;;;;;;;;
;;;;;;;;;;;;;;;;;;;;;;;;;;;;
;;;;;;;;;;;;;;;;;;;;;;;;;;;;
"044-2025";;;;;;;;;;;;"PE0109-2023";;;;"26/03/2025";"VENCIDO";"COOPERATIVA NACIONAL DE TRANSPORTE CORPORATIVO - COOMAP";;;;"26/03/2025";;;;"25/03/2026";;;;"R$ 2.611.369,19";;
;;;;;;;;;;;;;;;;;;;;;;;;;;;;;;;;
;;;;;;;;;;;;;;;;;;;;;;;;;;;;;;;;
"";;"Gestor/Fiscal";;;;;;;;;;;;;"Nome";;;;"Unid. Orçamentária";;"Órgão";;;;;;;"Data Início";;;"Data Fim";""
;;;;;;;;;;;;;;;;;;;;;;;;;;;;;

"Objeto:";;;;;;;;"CONTRATAÇÃO DE EMPRESA PARA PRESTAÇÃO DE SERVIÇO DE LOCAÇÃO DE VEÍCULOS AUTOMOTORES, COM E SEM MOTORISTA, SEM COMBUSTÍVEL, COM SEGURO TOTAL, DE FORMA CONTINUADA, POR DEMANDA, PARA ATENDER AS NECESSIDADES DOS DIVERSOS SETORES DA PREFEITURA MUNICIPAL DE ALAGOINHAS";;;;;;;;;;;;;;;;;;;;
;;;;;;;;;;;;;;;;;;;;;;;;;;;;
"";;;;;;;;"";;;;;;;;;;;;;;;;;;;;

"Contabilis - Desenvolvido por 3Tecnos Tecnologia  /   /       Chave do Filtro: KM4N-XALJ-MBKY-ALLJ-8D7S
SPID: 8216";;;;;;;;;;;;;;;;;;;;"";;;;;"Página 9 de 34";;;;;;;
"ESTADO DA BAHIA";;;;;;;;;;;;;;;;;"";;;;;;;;
;;;;;;;;;;;;;;;;
"PREFEITURA MUNICIPAL DE ALAGOINHAS";;;;;;;;;;;;;;;;;;;;;;;;;;
"Relação de Contratos";;;;;;;;;;;;;;;;;;;;;;;;;;

"ABRIL/2026";;;;;

"Contrato";;;;;;;;;;;;"Processo";;;;"Assinatura";"Situação";"Credor/Fornecedor";;;;"Vigência";;;;;;;;"Valor";;
;;;;;;;;;;;;;;;;;;;;;;"Início";;;;"Fim";;;;;;
"050-2023";;;;;;;;;;;;"13797-2022";;;;"18/04/2023";"VENCIDO";"TEREZINHA DE JESUS LINS";;;;"18/04/2023";;;;"18/04/2024";;;;"R$ 18.000,00";;

"Gestor/Fiscal";;;;;;;;;;;;;"Nome";;;;"Unid. Orçamentária";;"Órgão";;;;;;;"Data Início";;;"Data Fim"

"Objeto:";;;;;;;;"LOCAÇÃO DO IMÓVEL SITUADO NA RUA 13 DE JUNHO, N° 351, JARDIM PETROLAR, ALAGOINHAS/BAHIA, PARA FUNCIONAMENTO DO CEREST.";;;;;;;;;;;;;;;;;;;;
"";;;;;;;;"";;;;;;;;;;;;;;;;;;;;

"053-2023";;;;;;;;;;;;"2352-2021";;;;"17/03/2023";"VENCIDO";"PMG CONSTRUCOES E PROJETOS LTDA";;;;"17/03/2023";;;;"17/03/2024";;;;"R$ 72.000,00";;

"Gestor/Fiscal";;;;;;;;;;;;;"Nome";;;;"Unid. Orçamentária";;"Órgão";;;;;;;"Data Início";;;"Data Fim"

"Objeto:";;;;;;;;"CREDENCIAR PESSOAS JURÍDICAS (INCLUSIVE EMPRESÁRIO INDIVIDUAL) E OU PESSOAS FÍSICAS, DEVIDAMENTE REGISTRADAS NO CREA CUJO OBJETO SOCIAL (NO CASO DE PJ) CONTEMPLE ATIVIDADES TÉCNICAS DE ENGENHARIA E/OU ARQUITETURA, PARA A PRESTAÇÃO DE SERVIÇOS TÉCNICOS PROFISSIONAIS;";;;;;;;;;;;;;;;;;;;;
"055-2023";;;;;;;;;;;;"1190-2023";;;;"11/04/2023";"VENCIDO";"IBDM MODERNIZACAO E ASSESSORIA LTDA";;;;"11/04/2023";;;;"11/04/2024";;;;"R$ 16.800,00";;
;;;;;;;;;;;;;;;;;;;;;;;;;;;;;;;;
;;;;;;;;;;;;;;;;;;;;;;;;;;;;;;;;

"Gestor/Fiscal";;;;;;;;;;;;;"Nome";;;;"Unid. Orçamentária";;"Órgão";;;;;;;"Data Início";;;"Data Fim"

"Objeto:";;;;;;;;"CONTRATAÇÃO DE EMPRESA PARA CONCESSÃO DE LICENCIAMENTO DE USO DE SOFTWARE DE IMPRENSA OFICIAL ELETRÔNICA COM SISTEMA GERENCIADOR DE PUBLICAÇÕES NO DIÁRIO OFICIAL DO MUNICÍPIO E NO PORTAL NACIONAL DE CONTRATAÇÕES PÚBLICAS - PNCP, PARA ATENDER AS DEMANDAS DA LEI DE LICITAÇÕES.";;;;;;;;;;;;;;;;;;;;
"059-2023";;;;;;;;;;;;"2012-2023";;;;"22/03/2023";"VENCIDO";"PRISMA COMERCIO DE MATERIAIS DE CONSTRUCAO E OBRAS DE ENGENHARIA CIVIL EIRELI";;;;"22/03/2023";;;;"22/03/2024";;;;"R$ 232.049,42";;
;;;;;;;;;;;;;;;;;;;;;;;;;;;;;;;;
;;;;;;;;;;;;;;;;;;;;;;;;;;;;;;;;
"";;"Gestor/Fiscal";;;;;;;;;;;;;"Nome";;;;"Unid. Orçamentária";;"Órgão";;;;;;;"Data Início";;;"Data Fim";""
;;;;;;;;;;;;;;;;;;;;;;;;;;;;;

"Objeto:";;;;;;;;"AQUISIÇÃO DE MATERIAIS DE CONSTRUÇÃO DIVERSOS (HIDRÁULICO, ELÉTRICO, EPIS, FERRAGENS E FERRAMENTAS) PARA MANUTENÇÃO DOS EQUIPAMENTOS PÚBLICOS DE RESPONSABILIDADE DA SECRETARIA DE AGRICULTURA DA PREFEITURA MUNICIPAL DE ALAGOINHAS.";;;;;;;;;;;;;;;;;;;;
"";;;;;;;;"";;;;;;;;;;;;;;;;;;;;

"063-2023";;;;;;;;;;;;"3181-2023";;;;"30/05/2023";"VENCIDO";"SERVICO NACIONAL DE APRENDIZAGEM COMERCIAL  - SENAC";;;;"30/05/2023";;;;"30/05/2024";;;;"R$ 132.211,00";;
"";;"Gestor/Fiscal";;;;;;;;;;;;;"Nome";;;;"Unid. Orçamentária";;"Órgão";;;;;;;"Data Início";;;"Data Fim";""
;;;;;;;;;;;;;;;;;;;;;;;;;;;;;

"Objeto:";;;;;;;;"CONTRATAÇÃO DE EMPRESA ESPECIALIZADA NA PRESTAÇÃO DE SERVIÇOS DE CURSOS DE QUALIFICAÇÃO PROFISSIONAL, EM ATENDIMENTO À SECRETARIA DE DESENVOLVIMENTO ECONÔMICO E MEIO AMBIENTE.";;;;;;;;;;;;;;;;;;;;
"";;;;;;;;"";;;;;;;;;;;;;;;;;;;;

"065-2023";;;;;;;;;;;;"13815-2022";;;;"11/04/2023";"VENCIDO";"L M BRITO TECNOLOGIA ME";;;;"11/04/2023";;;;"11/01/2024";;;;"R$ 14.300,00";;

"Gestor/Fiscal";;;;;;;;;;;;;"Nome";;;;"Unid. Orçamentária";;"Órgão";;;;;;;"Data Início";;;"Data Fim"

"Objeto:";;;;;;;;"PRESTAÇÃO DE SERVOÇOS MENSAL DE MANUTENÇÃO E SUPORTE TÉCNICO E OPERACIONAL ONLINE DO SISTEMA URBEM 2.06.0 (SOFTWERE DE GESTÃO GOVERNAMENTAL GRATUITO) PARA O MELHOR DESEMPENHO DAS ATIVIDADES DIÁRIAS E REGISTROS DAS INFORMAÇÕES DOS PROCESSOS ADMINISTRATIVOS DO MUNICIPIO DE ALAGOINHAS-BA";;;;;;;;;;;;;;;;;;;;
;;;;;;;;;;;;;;;;;;;;;;;;;;;;
"";;;;;;;;"";;;;;;;;;;;;;;;;;;;;

"Contabilis - Desenvolvido por 3Tecnos Tecnologia  /   /       Chave do Filtro: KM4N-XALJ-MBKY-ALLJ-8D7S
SPID: 8216";;;;;;;;;;;;;;;;;;;;"";;;;;"Página 10 de 34";;;;;;;
"ESTADO DA BAHIA";;;;;;;;;;;;;;;;;"";;;;;;;;
;;;;;;;;;;;;;;;;
"PREFEITURA MUNICIPAL DE ALAGOINHAS";;;;;;;;;;;;;;;;;;;;;;;;;;
"Relação de Contratos";;;;;;;;;;;;;;;;;;;;;;;;;;

"ABRIL/2026";;;;;

"Contrato";;;;;;;;;;;;"Processo";;;;"Assinatura";"Situação";"Credor/Fornecedor";;;;"Vigência";;;;;;;;"Valor";;
;;;;;;;;;;;;;;;;;;;;;;"Início";;;;"Fim";;;;;;
"072-2023";;;;;;;;;;;;"5046-2022";;;;"15/05/2023";"VENCIDO";"AILTON CORREIA MARTINS EPP";;;;"15/05/2023";;;;"15/05/2024";;;;"R$ 299.989,86";;

"Gestor/Fiscal";;;;;;;;;;;;;"Nome";;;;"Unid. Orçamentária";;"Órgão";;;;;;;"Data Início";;;"Data Fim"

"Objeto:";;;;;;;;"O objeto do presente Contrato é a AQUISIÇÃO DE EQUIPAMENTOS E PERIFÉRICOS DE INFORMÁTICA, PARA ATENDER AS DEMANDAS DAS UNIDADES ESCOLARES, SETORES DA SEDE DA SECRETARIA MUNICIPAL DA EDUCAÇÃO (SEDUC) E CENTRO DE ATENDIMENTO MULTIDISCIPLINAR EDUCACIONAL ESPECIALIZADO EM INCLUSÃO (AMEEI) DA REDE MUNICIPAL DE ENSINO DE ALAGOINHAS BAHIA, conforme especificações e quantitativos estabelecidos no Edital do Pregão identificado no preâmbulo e na proposta vencedora, os quais integram este instrumento, independente de transcrição.";;;;;;;;;;;;;;;;;;;;
"073-2023";;;;;;;;;;;;"2352-2021";;;;"09/05/2023";"VENCIDO";"JOAO PAULO DIAS BARRETO";;;;"09/05/2023";;;;"09/05/2024";;;;"R$ 60.000,00";;
;;;;;;;;;;;;;;;;;;;;;;;;;;;;;;;;
"";;;;;;;;"";;;;;;;;;;;;;;;;;;;;

"Gestor/Fiscal";;;;;;;;;;;;;"Nome";;;;"Unid. Orçamentária";;"Órgão";;;;;;;"Data Início";;;"Data Fim"

"Objeto:";;;;;;;;"CREDENCIAR PESSOAS JURÍDICAS (INCLUSIVE EMPRESÁRIO INDIVIDUAL) E OU PESSOAS FÍSICAS, DEVIDAMENTE REGISTRADAS NO CREA CUJO OBJETO SOCIAL (NOS CASO DE PJ) CONTEMPLE ATIVIDADES TÉCNICAS DE ENGENHARIA E/OU ARQUITETURA, PARA PRESTAÇÃO DOS SERVIÇOS PROFISSIONAIS";;;;;;;;;;;;;;;;;;;;
"";;;;;;;;"";;;;;;;;;;;;;;;;;;;;

"074-2023";;;;;;;;;;;;"2352-2021";;;;"16/05/2023";"VENCIDO";"JOSELITO MOTA BEZERRA";;;;"16/05/2023";;;;"16/05/2024";;;;"R$ 60.000,00";;

"Gestor/Fiscal";;;;;;;;;;;;;"Nome";;;;"Unid. Orçamentária";;"Órgão";;;;;;;"Data Início";;;"Data Fim"

"Objeto:";;;;;;;;"CREDENCIAR PESSOAS JURÍDICAS (INCLUSIVE EMPRESÁRIO INDIVIDUAL) E OU PESSOAS FÍSICAS, DEVIDAMENTE REGISTRADAS NO CREA CUJO OBJETO SOCIAL (NOS CASO DE PJ) CONTEMPLE ATIVIDADES TÉCNICAS DE ENGENHARIA E/OU ARQUITETURA, PARA PRESTAÇÃO DOS SERVIÇOS PROFISSIONAIS";;;;;;;;;;;;;;;;;;;;
"";;;;;;;;"";;;;;;;;;;;;;;;;;;;;

"084-2023";;;;;;;;;;;;"4328-2023";;;;"01/06/2023";"VENCIDO";"MARCIO SOUZA NASCIMENTO";;;;"01/06/2023";;;;"01/06/2024";;;;"R$ 42.000,00";;

"Gestor/Fiscal";;;;;;;;;;;;;"Nome";;;;"Unid. Orçamentária";;"Órgão";;;;;;;"Data Início";;;"Data Fim"

"Objeto:";;;;;;;;"LOCAÇÃO DE IMÓVEL PARA FUNCIONAMENTO DO CENTRO DE CONVIVÊNCIA DA PESSOA IDOSA, TIPIFICADO COMO SERVIÇO DE CONVIVÊNCIA E FORTALECIMENTO DE VÍNCULOS, NO ÂMBITO DA PROTEÇÃO SOCIAL BÁSICA, NO ÂMBITO DA SECRETARIA MUNICIPAL DE ASSISTÊNCIA SOCIAL.";;;;;;;;;;;;;;;;;;;;
"";;;;;;;;"";;;;;;;;;;;;;;;;;;;;

"085-2023";;;;;;;;;;;;"6031-2023";;;;"01/06/2023";"VENCIDO";"MARIA AMELIA PIMENTA MOTTA";;;;"01/06/2023";;;;"01/06/2024";;;;"R$ 39.600,00";;

"Gestor/Fiscal";;;;;;;;;;;;;"Nome";;;;"Unid. Orçamentária";;"Órgão";;;;;;;"Data Início";;;"Data Fim"

"Objeto:";;;;;;;;"CONTRATO DE LOCAÇÃO DE IMÓVEL PERTENCENTE A SENHORA MARIA AMÉLIA PIMENTA MOTTA, SITUADO NO PARQUE JOSÉ DÓREA, N° 37, CENTRO, ALAGOINHAS-BA, PARA FUNCIONAMENTO DO CENTRO DE REFERÊNCIA ESPECIALIZADO DE ASSISTÊNCIA SOCIAL-CREAS";;;;;;;;;;;;;;;;;;;;
"";;;;;;;;"";;;;;;;;;;;;;;;;;;;;

"087-2023";;;;;;;;;;;;"3893-2023";;;;"07/06/2023";"VENCIDO";"P A S EMPREENDIMENTOS E SERVICOS LTDA";;;;"07/06/2023";;;;"07/06/2024";;;;"R$ 22.945,37";;

"Gestor/Fiscal";;;;;;;;;;;;;"Nome";;;;"Unid. Orçamentária";;"Órgão";;;;;;;"Data Início";;;"Data Fim"

"Objeto:";;;;;;;;"CONTRATAÇÃO DE EMPRESA ESPECIALIZADA PARA REALIZAR SERVIÇOS DE MANUTENÇÃO CORRETIVA NO TELHADO E SISTEMA DE DRENAGEM PLUVIAL, COM FORNECIMENTO DE MATERIAIS E MÃO DE OBRA, ATIVIDADE A SER REALIZADA NA SEDE ADMINISTRATIVA DA PREFEITURA DO MUNICÍPIO DE ALAGOINHAS-BA.";;;;;;;;;;;;;;;;;;;;
"";;;;;;;;"";;;;;;;;;;;;;;;;;;;;


"Contabilis - Desenvolvido por 3Tecnos Tecnologia  /   /       Chave do Filtro: KM4N-XALJ-MBKY-ALLJ-8D7S
SPID: 8216";;;;;;;;;;;;;;;;;;;;"";;;;;"Página 11 de 34";;;;;;;
"ESTADO DA BAHIA";;;;;;;;;;;;;;;;;"";;;;;;;;
;;;;;;;;;;;;;;;;
"PREFEITURA MUNICIPAL DE ALAGOINHAS";;;;;;;;;;;;;;;;;;;;;;;;;;
"Relação de Contratos";;;;;;;;;;;;;;;;;;;;;;;;;;

"ABRIL/2026";;;;;

"Contrato";;;;;;;;;;;;"Processo";;;;"Assinatura";"Situação";"Credor/Fornecedor";;;;"Vigência";;;;;;;;"Valor";;
;;;;;;;;;;;;;;;;;;;;;;"Início";;;;"Fim";;;;;;
"087-2025";;;;;;;;;;;;"DL0019-2025";;;;"09/05/2025";"VENCIDO";"ID SERVICOS E EMPREENDIMENTOS LTDA";;;;"13/05/2025";;;;"12/11/2025";;;;"R$ 11.758.757,63";;

"Gestor/Fiscal";;;;;;;;;;;;;"Nome";;;;"Unid. Orçamentária";;"Órgão";;;;;;;"Data Início";;;"Data Fim"

"Objeto:";;;;;;;;"CONTRATAÇÃO DE EMPRESA PARA EXECUÇÃO DOS SERVIÇOS DE LIMPEZ URBANA DO MUNICIPIO DE ALAGOINHAS-BA EM CARÁTER EMERGENCIAL";;;;;;;;;;;;;;;;;;;;
"";;;;;;;;"";;;;;;;;;;;;;;;;;;;;

"094-2023";;;;;;;;;;;;"2352-2021";;;;"01/06/2023";"VENCIDO";"ARTHUR JERONIMO MONTENEGRO";;;;"01/06/2023";;;;"01/06/2024";;;;"R$ 72.000,00";;

"Gestor/Fiscal";;;;;;;;;;;;;"Nome";;;;"Unid. Orçamentária";;"Órgão";;;;;;;"Data Início";;;"Data Fim"

"Objeto:";;;;;;;;"CREDENCIAR PESSOAS JURÍDICAS (INCLUSIVE EMPRESÁRIO INDIVIDUAL) E OU PESSOAS FÍSICAS, DEVIDAMENTE REGISTRADAS NO CREA CUJO OBJETO SOCIAL (NO CASO DE PJ) CONTEMPLE ATIVIDADES TÉCNICAS DE ENGENHARIA E/OU ARQUITETUA, PARA PRESTAÇÃO DOS SERVIÇOS TÉCNICOS PROFISSIONAIS";;;;;;;;;;;;;;;;;;;;
"102-2024";;;;;;;;;;;;"14242";;;;"26/06/2024";"VENCIDO";"SAHARATUR TRANSPORTES E LOCACAO AUTOMOTIVA LTDA";;;;"26/06/2024";;;;"26/06/2025";;;;"R$ 65.332,00";;
;;;;;;;;;;;;;;;;;;;;;;;;;;;;;;;;
;;;;;;;;;;;;;;;;;;;;;;;;;;;;;;;;
"";;"Gestor/Fiscal";;;;;;;;;;;;;"Nome";;;;"Unid. Orçamentária";;"Órgão";;;;;;;"Data Início";;;"Data Fim";""
;;;;;;;;;;;;;;;;;;;;;;;;;;;;;

"Objeto:";;;;;;;;"CONTRATAÇÃO SERVIR AOS USUÁRIOS DE EMPRESA DO TRANSPORTE ESCOLAR PARA SERVIR AOS USUÁRIOS DO SISTEMA PRESTAÇÃO EDUCACIONAL DE SERVIÇOS DE ENSINO PÚBLICO MUNICIPAL";;;;;;;;;;;;;;;;;;;;
"";;;;;;;;"";;;;;;;;;;;;;;;;;;;;

"104-2024";;;;;;;;;;;;"14242";;;;"28/06/2024";"VENCIDO";"FLORENCIO TRANSPORTES E SERVICOS DE CONSTRUCAO EIRELI";;;;"28/06/2024";;;;"28/06/2025";;;;"R$ 397.132,00";;
"";;"Gestor/Fiscal";;;;;;;;;;;;;"Nome";;;;"Unid. Orçamentária";;"Órgão";;;;;;;"Data Início";;;"Data Fim";""
;;;;;;;;;;;;;;;;;;;;;;;;;;;;;

"Objeto:";;;;;;;;"CONTRATAÇÃO DE EMPRESA PARA PRESTAÇÃO DE SERVIÇOS DO TRANSPORTE ESCOLAR, PARA SERVIR AOS USUÁRIOS DO SISTEMA EDUCACIONAL DE ENSINO PÚBLICO MUNICIPAL";;;;;;;;;;;;;;;;;;;;
"";;;;;;;;"";;;;;;;;;;;;;;;;;;;;

"106-2024";;;;;;;;;;;;"2984";;;;"06/06/2024";"VENCIDO";"START NETWORKS S/A";;;;"06/06/2024";;;;"06/10/2024";;;;"R$ 9.672,00";;

"Gestor/Fiscal";;;;;;;;;;;;;"Nome";;;;"Unid. Orçamentária";;"Órgão";;;;;;;"Data Início";;;"Data Fim"

"Objeto:";;;;;;;;"CONTRATAÇÃO DE EMPRESA ESPECIALIZADA
PARA PRESTAÇÃO DE SERVIÇOS DE LINHAS DE DADOS FIM A FIM (LAN TO LAN- L2L)
PARA INTERLIGAR OS PRÉDIOS DO CENTRO ADMINISTRATIVO MUNICIPAL (CAM) AO
PRÉDIO DO CENTRO MUNICIPAL DE ATENDIMENTO AO CONTRIBUENTE (CMAC) DA
SECRETARIA MUNICIPAL DA FAZENDA, LOCALIZADO NO SHOPPING LAGUNA, INCLUINDO
INSTALAÇÃO, CONFIGURAÇÃO E MANUTENÇÃO";;;;;;;;;;;;;;;;;;;;
"112-2024";;;;;;;;;;;;"1600-2024";;;;"04/06/2024";"VENCIDO";"START NETWORKS S/A";;;;"07/06/2024";;;;"07/06/2025";;;;"R$ 75.998,16";;
"";;;;;;;;"";;;;;;;;;;;;;;;;;;;;
"";;"Gestor/Fiscal";;;;;;;;;;;;;"Nome";;;;"Unid. Orçamentária";;"Órgão";;;;;;;"Data Início";;;"Data Fim"
"";;;;;;;;;;;;;;;;;;;;;;;;;;;;;;;
;;"";;;;;;"";;;;;;;;;;;;;;;;;;;;
"Objeto:";;;;;;;;"CONTRATAÇÃO DE EMPRESA PARA FORNECIMENTO DE LINK ASSIMÉTRICO DE INTERNET USANDO INFRAESTRUTURA DE FIBRA ÓPTICA, COM SERVIÇO DE INSTALAÇÃO PARA A SECRETARIA MUNICIPAL DE ASSISTÊNCIA SOCIAL E SUAS UNIDADES";;;;;;;;;;;;;;;;;;;;
;;;;;;;;;;;;;;;;;;;;;;;;;;;;
"";;;;;;;;"";;;;;;;;;;;;;;;;;;;;


"Contabilis - Desenvolvido por 3Tecnos Tecnologia  /   /       Chave do Filtro: KM4N-XALJ-MBKY-ALLJ-8D7S
SPID: 8216";;;;;;;;;;;;;;;;;;;;"";;;;;"Página 12 de 34";;;;;;;
"ESTADO DA BAHIA";;;;;;;;;;;;;;;;;"";;;;;;;;
;;;;;;;;;;;;;;;;
"PREFEITURA MUNICIPAL DE ALAGOINHAS";;;;;;;;;;;;;;;;;;;;;;;;;;
"Relação de Contratos";;;;;;;;;;;;;;;;;;;;;;;;;;

"ABRIL/2026";;;;;

"Contrato";;;;;;;;;;;;"Processo";;;;"Assinatura";"Situação";"Credor/Fornecedor";;;;"Vigência";;;;;;;;"Valor";;
;;;;;;;;;;;;;;;;;;;;;;"Início";;;;"Fim";;;;;;
"116-2024";;;;;;;;;;;;"2350";;;;"03/06/2024";"VENCIDO";"ANDRÉ LUIS CARNEIRO AGUIAR";;;;"03/06/2024";;;;"03/06/2025";;;;"R$ 69.600,00";;

"Gestor/Fiscal";;;;;;;;;;;;;"Nome";;;;"Unid. Orçamentária";;"Órgão";;;;;;;"Data Início";;;"Data Fim"

"Objeto:";;;;;;;;"LOCAÇÃO DE IMÓVEL SITUADO NA RUA ASTROGILDO DE SANTANA CARVALHO, N° 12, PRAÇA SANTA ISABEL, ALAGOINHAS-BAHIA. CEP 48.000-422, PARA MANTER O FUNCIONAMENTO DA CRECHE MUNICIPAL GIRASSOL, CONFORME AS NECESSIDADES DA SECRETARIA MUNICIPAL DE EDUCAÇÃO";;;;;;;;;;;;;;;;;;;;
"";;;;;;;;"";;;;;;;;;;;;;;;;;;;;

"117-2024";;;;;;;;;;;;"5805/2024";;;;"06/06/2024";"VENCIDO";"FAZMIDIA PUBLICIDADE E EVENTOS EIRELI";;;;"06/06/2024";;;;"06/09/2024";;;;"R$ 350.000,00";;

"Gestor/Fiscal";;;;;;;;;;;;;"Nome";;;;"Unid. Orçamentária";;"Órgão";;;;;;;"Data Início";;;"Data Fim"

"Objeto:";;;;;;;;"CONTRATAÇÃO DE ATRAÇÃO ARTÍSTICA PARA APRESENTAÇÃO DE SHOW MUSICAL DA BANDA CALCINHA PRETA NOS FESTEJOS JUNINOS NO MUNICÍPIO DA ALAGOINHAS-BAHIA";;;;;;;;;;;;;;;;;;;;
"";;;;;;;;"";;;;;;;;;;;;;;;;;;;;

"130-2024";;;;;;;;;;;;"1874-2024";;;;"06/06/2024";"VENCIDO";"FRANCISCO DANTAS COSTA";;;;"06/06/2024";;;;"06/06/2025";;;;"R$ 46.800,00";;

"Gestor/Fiscal";;;;;;;;;;;;;"Nome";;;;"Unid. Orçamentária";;"Órgão";;;;;;;"Data Início";;;"Data Fim"

"Objeto:";;;;;;;;"LOCAÇÃO DE IMÓVEL SITUADO NA 2ª TRAVESSA PARQUE JOSÉ DÓREA, N° 36, CENTRO, PARA FUNCIONAMENTO DO PSF ZONA RURAL NO MUNICÍPIO DE ALAGOINHAS-BA";;;;;;;;;;;;;;;;;;;;
"";;;;;;;;"";;;;;;;;;;;;;;;;;;;;

"131-2025";;;;;;;;;;;;"DL0023-2025";;;;"15/05/2025";"VENCIDO";"IDEAL CONSTRUCAO E PAVIMENTACAO LTDA";;;;"15/05/2025";;;;"14/11/2025";;;;"R$ 1.036.704,89";;

"Gestor/Fiscal";;;;;;;;;;;;;"Nome";;;;"Unid. Orçamentária";;"Órgão";;;;;;;"Data Início";;;"Data Fim"
"Gestor";;;;;;;;;;;;;"MARIA DAS GRAÇAS DE CASTRO REIS";;;;"SECRETARIA MUNICIPAL DE OBRAS E PROJETOS";;"SECRETARIA MUNICIPAL DE OBRAS E PROJETOS";;;;;;;"15/05/2025";;;""

"Objeto:";;;;;;;;"CONTRATAÇÃO EMERGENCIAL DE EMPRESA PARA EXECUÇÃO DE OBRAS DE RECUPERAÇÃO DE INFRAESTRUTURA PÚBLICA NAS RUAS: RUA DA PALHA, RUA JOSÉ H DA CUNHA E NO DISTRITO RIACHO DA GUIA, NO MUNICÍPIO DE ALAGOINHAS-BAHIA, CONFORME CONDIÇÕES, QUANTIDADES E EXIGÊNCIAS ESTABELECIDAS NO TERMO DE REFERÊNCIA E PROJETO BASE.";;;;;;;;;;;;;;;;;;;;
"132-2024";;;;;;;;;;;;"3881";;;;"18/06/2024";"VENCIDO";"MXM SOLUCOES EM INFORMATICA LTDA - ME";;;;"18/06/2024";;;;"18/04/2025";;;;"R$ 15.800,00";;
;;;;;;;;;;;;;;;;;;;;;;;;;;;;;;;;
;;;;;;;;;;;;;;;;;;;;;;;;;;;;;;;;

"Gestor/Fiscal";;;;;;;;;;;;;"Nome";;;;"Unid. Orçamentária";;"Órgão";;;;;;;"Data Início";;;"Data Fim"

"Objeto:";;;;;;;;"MANUTENÇÃO E SUPORTE TÉCNICO E
OPERACIONAL ONLINE DO SISTEMA URBEM 2.06.0 (SOFTWARE DE GESTÃO GOVERNAMENTAL
GRATUITO) PARA O MELHOR DESEMPENHO DAS ATIVIDADES DIÁRIAS E REGISTROS DAS
INFORMAÇÕES DOS PROCESSOS ADMINISTRATIVOS DO MUNICÍPIO DE ALAGOINHAS/BA.";;;;;;;;;;;;;;;;;;;;
"133-2023";;;;;;;;;;;;"5158-2023";;;;"02/08/2023";"VENCIDO";"IDEAL CONSTRUCAO E PAVIMENTACAO LTDA";;;;"02/08/2023";;;;"02/08/2024";;;;"R$ 4.694.658,53";;
;;;;;;;;;;;;;;;;;;;;;;;;;;;;;;;;
"";;;;;;;;"";;;;;;;;;;;;;;;;;;;;

"Gestor/Fiscal";;;;;;;;;;;;;"Nome";;;;"Unid. Orçamentária";;"Órgão";;;;;;;"Data Início";;;"Data Fim"

"Objeto:";;;;;;;;"EXECUÇÃO DAS OBRAS DE ENGENHARIA DESTINADA A CONSTRUÇÃO DE CANAL DE MACRODRENAGEM DO BAIRRO SILVA JARDIM, ALAGOINHAS-BA, conforme termos do Edital CONCORRÊNCIA No 002/2023";;;;;;;;;;;;;;;;;;;;
"";;;;;;;;"";;;;;;;;;;;;;;;;;;;;


"Contabilis - Desenvolvido por 3Tecnos Tecnologia  /   /       Chave do Filtro: KM4N-XALJ-MBKY-ALLJ-8D7S
SPID: 8216";;;;;;;;;;;;;;;;;;;;"";;;;;"Página 13 de 34";;;;;;;
"ESTADO DA BAHIA";;;;;;;;;;;;;;;;;"";;;;;;;;
;;;;;;;;;;;;;;;;
"PREFEITURA MUNICIPAL DE ALAGOINHAS";;;;;;;;;;;;;;;;;;;;;;;;;;
"Relação de Contratos";;;;;;;;;;;;;;;;;;;;;;;;;;

"ABRIL/2026";;;;;

"Contrato";;;;;;;;;;;;"Processo";;;;"Assinatura";"Situação";"Credor/Fornecedor";;;;"Vigência";;;;;;;;"Valor";;
;;;;;;;;;;;;;;;;;;;;;;"Início";;;;"Fim";;;;;;
"133-2024";;;;;;;;;;;;"6014-2024";;;;"10/06/2024";"VENCIDO";"39.818.444 VICTOR LOPES ESPINHEIRA DANTAS LIMA";;;;"10/06/2024";;;;"10/09/2024";;;;"R$ 40.000,00";;

"Gestor/Fiscal";;;;;;;;;;;;;"Nome";;;;"Unid. Orçamentária";;"Órgão";;;;;;;"Data Início";;;"Data Fim"

"Objeto:";;;;;;;;"CONTRATAÇÃO DE ATRAÇÃO ARTÍSTICA PARA APRESENTAÇÃO DE SHOW MUSICAL DA ORQUESTRA SINFÔNICA NA TREZENA DE SANTO ANTÔNIO NO MUNICÍPIO DE ALAGOINHAS-BAHIA";;;;;;;;;;;;;;;;;;;;
"";;;;;;;;"";;;;;;;;;;;;;;;;;;;;

"134-2023";;;;;;;;;;;;"439-2023";;;;"28/07/2023";"VENCIDO";"PASTORAL DO MENOR DE ALAGOINHAS";;;;"28/07/2023";;;;"28/07/2024";;;;"R$ 21.013,32";;

"Gestor/Fiscal";;;;;;;;;;;;;"Nome";;;;"Unid. Orçamentária";;"Órgão";;;;;;;"Data Início";;;"Data Fim"

"Objeto:";;;;;;;;"LOCAÇÃO DE IMÓVEL SITUADO NA RUA ANTONIO PAOLILO, N°92A, JARDIM PEDRO BRAGA, ALAGOINHAS/BA, PARA FUNCIONAMENTO DA UNIDADE DE SAÚDE USF BAIXA DA SANTINHA E SANTO ANTONIO - ALAGOINHAS BAHIA";;;;;;;;;;;;;;;;;;;;
"";;;;;;;;"";;;;;;;;;;;;;;;;;;;;

"135-2023";;;;;;;;;;;;"5576-2023";;;;"27/09/2023";"VENCIDO";"MAPPA BRASIL LTDA";;;;"27/09/2023";;;;"27/09/2024";;;;"R$ 9.998,00";;

"Gestor/Fiscal";;;;;;;;;;;;;"Nome";;;;"Unid. Orçamentária";;"Órgão";;;;;;;"Data Início";;;"Data Fim"

"Objeto:";;;;;;;;"FORNECIMENTO DE LINCENÇA DE SOFTWARE ON-LINE DE PROCESSAMENTO DE IMAGENS DE DRONES, COM INFRAESTRUTURA EM NUVEM, PARA GERAÇÃO DE PRODUTOS CARTOGRÁFICOS E GEORREFERENCIADOS, CARACTERIZADO COMO SERVIÇO DE PROCESSAMENTO DE IMAGENS E AEROFOTOGRAMETRIA.";;;;;;;;;;;;;;;;;;;;
"";;;;;;;;"";;;;;;;;;;;;;;;;;;;;

"135-2024";;;;;;;;;;;;"5085-2024";;;;"10/06/2024";"VENCIDO";"MARIA DE FATIMA BERENICE DA CRUZ ";;;;"10/06/2024";;;;"10/06/2025";;;;"R$ 72.000,00";;

"Gestor/Fiscal";;;;;;;;;;;;;"Nome";;;;"Unid. Orçamentária";;"Órgão";;;;;;;"Data Início";;;"Data Fim"

"Objeto:";;;;;;;;"LOCAÇÃO DE IMÓVEL SITUADO NA RUA DR. JOÃO DANTAS, N° 1049, SANTA TEREZINHA, PARA FUNCIONAMENTO DA UNIDADE DE SAÚDE DA FAMÍLIA SANTA TEREZINHA, NO MUNICÍPIO DE AALGOINHAS-BAHIA";;;;;;;;;;;;;;;;;;;;
"";;;;;;;;"";;;;;;;;;;;;;;;;;;;;

"136-2024";;;;;;;;;;;;"6079";;;;"17/06/2024";"VENCIDO";"INTENSE ENTRETENIMENTO LTDA";;;;"17/06/2024";;;;"17/09/2024";;;;"R$ 35.000,00";;

"Gestor/Fiscal";;;;;;;;;;;;;"Nome";;;;"Unid. Orçamentária";;"Órgão";;;;;;;"Data Início";;;"Data Fim"

"Objeto:";;;;;;;;"CONTRATAÇÃO DE ATRAÇÃO ARTÍSTICA PARA APRESENTAÇÃO DE SHOW MUSICAL DO CANTOR IKARO MENDES NA VILA SANTOANTONIO NO MUNICÍPIO DE ALAGOINHAS";;;;;;;;;;;;;;;;;;;;
"";;;;;;;;"";;;;;;;;;;;;;;;;;;;;

"137-2024";;;;;;;;;;;;"14242";;;;"28/06/2024";"VENCIDO";"SAFIRA TURISMO LTDA - ME";;;;"28/06/2024";;;;"28/06/2025";;;;"R$ 217.644,00";;

"Gestor/Fiscal";;;;;;;;;;;;;"Nome";;;;"Unid. Orçamentária";;"Órgão";;;;;;;"Data Início";;;"Data Fim"

"Objeto:";;;;;;;;"CONTRATAÇÃO DE EMPRESA PARA PRESTAÇÃO DE SERVIÇOS DO TRANSPORTE ESCOLAR, PARA SERVIR AOS USUÁRIOS DO SISTEMA EDUCACIONAL DE ENSINO PÚBLICO MUNICIPAL";;;;;;;;;;;;;;;;;;;;
"";;;;;;;;"";;;;;;;;;;;;;;;;;;;;


"Contabilis - Desenvolvido por 3Tecnos Tecnologia  /   /       Chave do Filtro: KM4N-XALJ-MBKY-ALLJ-8D7S
SPID: 8216";;;;;;;;;;;;;;;;;;;;"";;;;;"Página 14 de 34";;;;;;;
"ESTADO DA BAHIA";;;;;;;;;;;;;;;;;"";;;;;;;;
;;;;;;;;;;;;;;;;
"PREFEITURA MUNICIPAL DE ALAGOINHAS";;;;;;;;;;;;;;;;;;;;;;;;;;
"Relação de Contratos";;;;;;;;;;;;;;;;;;;;;;;;;;

"ABRIL/2026";;;;;

"Contrato";;;;;;;;;;;;"Processo";;;;"Assinatura";"Situação";"Credor/Fornecedor";;;;"Vigência";;;;;;;;"Valor";;
;;;;;;;;;;;;;;;;;;;;;;"Início";;;;"Fim";;;;;;
"138-2023";;;;;;;;;;;;"2609-2023";;;;"10/08/2023";"VENCIDO";"ACCESSUS AVALIACOES DE BENS E IMOVEIS LTDA";;;;"10/08/2023";;;;"10/02/2024";;;;"R$ 18.400,00";;

"Gestor/Fiscal";;;;;;;;;;;;;"Nome";;;;"Unid. Orçamentária";;"Órgão";;;;;;;"Data Início";;;"Data Fim"

"Objeto:";;;;;;;;"CONTRATAÇÃO DE SERVIÇOS TÉCNICOS DE ENGENHARIA PARA ELABORAÇÃO DE LAUDOS DE AVALIAÇÕES DE IMÓVEIS URBANOS PARA O MUNICÍPIO DE ALAGOINHAS-BA";;;;;;;;;;;;;;;;;;;;
"";;;;;;;;"";;;;;;;;;;;;;;;;;;;;

"138-2024";;;;;;;;;;;;"6666";;;;"12/06/2024";"VENCIDO";"PAROARA PRODUCAO MUSICAL LTDA";;;;"12/06/2024";;;;"12/09/2024";;;;"R$ 25.000,00";;

"Gestor/Fiscal";;;;;;;;;;;;;"Nome";;;;"Unid. Orçamentária";;"Órgão";;;;;;;"Data Início";;;"Data Fim"

"Objeto:";;;;;;;;"CONTRATAÇÃO DE ATRAÇÃO ARTÍSTICA PARA APRESENTAÇÃO DE SHOW MUSICAL DA BANDA PAROARA DO ACORDEON NA TREZENA DE SANTO ANTONIO NO MUNICIPIO DE ALAGOINHAS-BAHIA";;;;;;;;;;;;;;;;;;;;
"";;;;;;;;"";;;;;;;;;;;;;;;;;;;;

"139-2023";;;;;;;;;;;;"5215-2023";;;;"22/08/2023";"VENCIDO";"LILIANE LOPES EVANGELISTA FERREIRA";;;;"22/08/2023";;;;"22/08/2024";;;;"R$ 15.840,00";;

"Gestor/Fiscal";;;;;;;;;;;;;"Nome";;;;"Unid. Orçamentária";;"Órgão";;;;;;;"Data Início";;;"Data Fim"

"Objeto:";;;;;;;;"CREDENCIAMENTO DE PROFISSIONAIS, E/OU PESSOAS JURÍDICAS, VISANDO A REALIZAÇÃO DE OFICINAS PRESENCIAIS PARA DESENVOLVER ATIVIDADES DE DANÇA, ATIVIDADES ESPORTIVAS ADAPTADAS PARA PESSOAS IDOSAS, ATIVIDADES ESPORTIVAS PARA CRIANÇAS, ATIVIDADES ESPORTIVAS ADAPTADAS PARA PESSOAS COM DEFICIÊNCIA E ATIVIDADES DE TREINAMENTO FUNCIONAL E ALONGAMENTOS, NO ÂMBITO DO PROGRAMA MOVA-SE";;;;;;;;;;;;;;;;;;;;
"139-2024";;;;;;;;;;;;"6643";;;;"12/06/2024";"VENCIDO";"J. MARQUES DOS SANTOS";;;;"12/06/2024";;;;"12/09/2024";;;;"R$ 30.000,00";;
;;;;;;;;;;;;;;;;;;;;;;;;;;;;;;;;
;;;;;;;;;;;;;;;;;;;;;;;;;;;;;;;;

"Gestor/Fiscal";;;;;;;;;;;;;"Nome";;;;"Unid. Orçamentária";;"Órgão";;;;;;;"Data Início";;;"Data Fim"

"Objeto:";;;;;;;;"CONTRATAÇÃO DE ATRAÇÃO ARTÍSTICA PARA APRESENTAÇÃO DE SHOW MUSICAL DA BANDA LUANA TEIXEIRA NA VILA SANTO ANTONIO NO MUNICIPIO DE ALAGOINHAS";;;;;;;;;;;;;;;;;;;;
"";;;;;;;;"";;;;;;;;;;;;;;;;;;;;

"140-2024";;;;;;;;;;;;"6150";;;;"12/06/2024";"VENCIDO";"J. B. TRINDADE EMPREENDIMENTOS COMERCIAIS";;;;"12/06/2024";;;;"12/09/2024";;;;"R$ 25.000,00";;

"Gestor/Fiscal";;;;;;;;;;;;;"Nome";;;;"Unid. Orçamentária";;"Órgão";;;;;;;"Data Início";;;"Data Fim"

"Objeto:";;;;;;;;"CONTRATAÇÃO DE ATRAÇÃO ARTÍSTICA PARA APRESENTAÇÃO DE SHOW MUSICAL DA BANDA VIRA E MEXE NO EVENTO DENOMINADO SANTO ANTONIO DO URUPIARA NO MUNICIPIO DE ALAGOINHAS";;;;;;;;;;;;;;;;;;;;
"";;;;;;;;"";;;;;;;;;;;;;;;;;;;;

"141-2023";;;;;;;;;;;;"5215-2023";;;;"22/08/2023";"VENCIDO";"BRUNO LUÍS DE CARVALHO ROCHA";;;;"22/08/2023";;;;"22/08/2024";;;;"R$ 13.200,00";;

"Gestor/Fiscal";;;;;;;;;;;;;"Nome";;;;"Unid. Orçamentária";;"Órgão";;;;;;;"Data Início";;;"Data Fim"

"Objeto:";;;;;;;;"CREDENCIAMENTO DE PROFISSIONAIS, E/OU PESSOAS JURÍDICAS, VISANDO A REALIZAÇÃO DE OFICINAS PRESENCIAIS PARA DESENVOLVER ATIVIDADES DE DANÇA, ATIVIDADES ESPORTIVAS ADAPTADAS PARA PESSOAS IDOSAS, ATIVIDADES ESPORTIVAS PARA CRIANÇAS, ATIVIDADES ESPORTIVAS ADAPTADAS PARA PESSOAS COM DEFICIÊNCIA E ATIVIDADES DE TREINAMENTO FUNCIONAL E ALONGAMENTOS, NO ÂMBITO DO PROGRAMA MOVA-SE";;;;;;;;;;;;;;;;;;;;
;;;;;;;;;;;;;;;;;;;;;;;;;;;;
"";;;;;;;;"";;;;;;;;;;;;;;;;;;;;

"Contabilis - Desenvolvido por 3Tecnos Tecnologia  /   /       Chave do Filtro: KM4N-XALJ-MBKY-ALLJ-8D7S
SPID: 8216";;;;;;;;;;;;;;;;;;;;"";;;;;"Página 15 de 34";;;;;;;
"ESTADO DA BAHIA";;;;;;;;;;;;;;;;;"";;;;;;;;
;;;;;;;;;;;;;;;;
"PREFEITURA MUNICIPAL DE ALAGOINHAS";;;;;;;;;;;;;;;;;;;;;;;;;;
"Relação de Contratos";;;;;;;;;;;;;;;;;;;;;;;;;;

"ABRIL/2026";;;;;

"Contrato";;;;;;;;;;;;"Processo";;;;"Assinatura";"Situação";"Credor/Fornecedor";;;;"Vigência";;;;;;;;"Valor";;
;;;;;;;;;;;;;;;;;;;;;;"Início";;;;"Fim";;;;;;
"141-2024";;;;;;;;;;;;"6535";;;;"12/06/2024";"VENCIDO";"TB PRODUCOES ARTISTICAS E EDICOES LTDA";;;;"12/06/2024";;;;"12/09/2024";;;;"R$ 70.000,00";;

"Gestor/Fiscal";;;;;;;;;;;;;"Nome";;;;"Unid. Orçamentária";;"Órgão";;;;;;;"Data Início";;;"Data Fim"

"Objeto:";;;;;;;;"CONTRATAÇÃO DE ATRAÇÃO ARTÍSTICA PARA APRESENTAÇÃO DE SHOW MUSICAL DA BANDA TIO BARNABÉ NA VILA DE SANTO ANTONIO NO MUNICIPIO DE ALAGOINHAS-BA";;;;;;;;;;;;;;;;;;;;
"";;;;;;;;"";;;;;;;;;;;;;;;;;;;;

"142-2024";;;;;;;;;;;;"4565-2024";;;;"20/06/2024";"VENCIDO";"FRANCISCO DANTAS COSTA";;;;"20/06/2024";;;;"20/06/2025";;;;"R$ 43.200,00";;

"Gestor/Fiscal";;;;;;;;;;;;;"Nome";;;;"Unid. Orçamentária";;"Órgão";;;;;;;"Data Início";;;"Data Fim"

"Objeto:";;;;;;;;"LOCAÇÃO DE IMÓVEL SITUADO NA RUA LUIZ VIANA, N° 228, CENTRO, PARA FUNCIONAMENTO DA CLÍNICA ODONTOLÓGICA MUNICIPAL - COM, NO MUNICÍPIO DE ALAGOINHAS-BA";;;;;;;;;;;;;;;;;;;;
"";;;;;;;;"";;;;;;;;;;;;;;;;;;;;

"143-2024";;;;;;;;;;;;"5867";;;;"19/06/2024";"VENCIDO";"DESTAK PRODUCOES, EVENTOS E ESTRUTURAS LTDA";;;;"19/06/2024";;;;"19/09/2024";;;;"R$ 160.000,00";;
"";;"Gestor/Fiscal";;;;;;;;;;;;;"Nome";;;;"Unid. Orçamentária";;"Órgão";;;;;;;"Data Início";;;"Data Fim";""
;;;;;;;;;;;;;;;;;;;;;;;;;;;;;

"Objeto:";;;;;;;;"CONTRATAÇÃO DE ATRAÇÃO ARTÍSTICA PARA APRESENTAÇÃO DE SHOW MUSICAL DA BANDA MULHERES PERDIDAS NOS FESTEJOS JUNINOS NO MUNICÍPIO DE ALAGOINHAS";;;;;;;;;;;;;;;;;;;;
"";;;;;;;;"";;;;;;;;;;;;;;;;;;;;

"144-2024";;;;;;;;;;;;"4956";;;;"20/06/2024";"VENCIDO";"UNHA PINTADA PRODUCOES & EVENTOS LTDA - ME";;;;"20/06/2024";;;;"20/09/2024";;;;"R$ 300.000,00";;

"Gestor/Fiscal";;;;;;;;;;;;;"Nome";;;;"Unid. Orçamentária";;"Órgão";;;;;;;"Data Início";;;"Data Fim"

"Objeto:";;;;;;;;"CONTRATAÇÃO DE ATRAÇÃO ARTÍSTICA PARA APRESENTAÇÃO DE SHOW MUSICAL DA BANDA UNHA PINTADA NOS FESTEJOS JUNINOS NO MUNICÍPIO DE ALAGOINHAS.";;;;;;;;;;;;;;;;;;;;
"";;;;;;;;"";;;;;;;;;;;;;;;;;;;;

"145-2024";;;;;;;;;;;;"6830";;;;"18/06/2024";"VENCIDO";"27.833.382 JOELSON SILVA CARDEAL DE MIRANDA";;;;"18/06/2024";;;;"18/09/2024";;;;"R$ 30.000,00";;

"Gestor/Fiscal";;;;;;;;;;;;;"Nome";;;;"Unid. Orçamentária";;"Órgão";;;;;;;"Data Início";;;"Data Fim"

"Objeto:";;;;;;;;"CONTRATAÇÃO DE ATRAÇÃO ARTÍSTICA PARA APRESENTAÇÃO DE SHOW MUSICAL DO CANTOR JÓ MIRANDA NA VILA SANTO ANTONIO NO MUNICÍPIO DE ALAGOINHAS-BAHIA";;;;;;;;;;;;;;;;;;;;
"";;;;;;;;"";;;;;;;;;;;;;;;;;;;;

"146-2024";;;;;;;;;;;;"5954";;;;"19/06/2024";"VENCIDO";"MARIO JOSE SOUZA PAIM PROMOCOES LTDA";;;;"19/06/2024";;;;"19/09/2024";;;;"R$ 90.000,00";;

"Gestor/Fiscal";;;;;;;;;;;;;"Nome";;;;"Unid. Orçamentária";;"Órgão";;;;;;;"Data Início";;;"Data Fim"

"Objeto:";;;;;;;;"CONTRATAÇÃO DE ATRAÇÃO ARTÍSTICA PARA APRESENTAÇÃO DE SHOW MUSICAL DA BANDA TRIO NORDESTINO NOS FESTEJOS JUNINOS NO MUNICÍPIO  DE ALAGOINHAS-BAHIA";;;;;;;;;;;;;;;;;;;;
"";;;;;;;;"";;;;;;;;;;;;;;;;;;;;


"Contabilis - Desenvolvido por 3Tecnos Tecnologia  /   /       Chave do Filtro: KM4N-XALJ-MBKY-ALLJ-8D7S
SPID: 8216";;;;;;;;;;;;;;;;;;;;"";;;;;"Página 16 de 34";;;;;;;
"ESTADO DA BAHIA";;;;;;;;;;;;;;;;;"";;;;;;;;
;;;;;;;;;;;;;;;;
"PREFEITURA MUNICIPAL DE ALAGOINHAS";;;;;;;;;;;;;;;;;;;;;;;;;;
"Relação de Contratos";;;;;;;;;;;;;;;;;;;;;;;;;;

"ABRIL/2026";;;;;

"Contrato";;;;;;;;;;;;"Processo";;;;"Assinatura";"Situação";"Credor/Fornecedor";;;;"Vigência";;;;;;;;"Valor";;
;;;;;;;;;;;;;;;;;;;;;;"Início";;;;"Fim";;;;;;
"148-2023";;;;;;;;;;;;"5236-2023";;;;"02/08/2023";"VENCIDO";"3F LTDA";;;;"02/08/2023";;;;"02/08/2025";;;;"R$ 27.174,00";;

"Gestor/Fiscal";;;;;;;;;;;;;"Nome";;;;"Unid. Orçamentária";;"Órgão";;;;;;;"Data Início";;;"Data Fim"

"Objeto:";;;;;;;;"Contratação de empresa de assinatura do sof-tware de orçamento para engenharia, contemplando os módulos: básico orçamento, bases adicionais, mediação de obras, diário de obra e orçabim, sendo que cada licença deve permitir a utilização de mais de um usuário simultâneo, e ser compatível com o sistema operacional Windows 10, utilizando nos computadores da Secretaria Municipal de Infraestrutura e Planejamento de Alagoinhas - Ba";;;;;;;;;;;;;;;;;;;;
"148-2024";;;;;;;;;;;;"4965-2024";;;;"20/06/2024";"VENCIDO";"JOEL BATISTA SANTANA";;;;"20/06/2024";;;;"20/02/2025";;;;"R$ 53.500,00";;
;;;;;;;;;;;;;;;;;;;;;;;;;;;;;;;;
;;;;;;;;;;;;;;;;;;;;;;;;;;;;;;;;

"Gestor/Fiscal";;;;;;;;;;;;;"Nome";;;;"Unid. Orçamentária";;"Órgão";;;;;;;"Data Início";;;"Data Fim"

"Objeto:";;;;;;;;"AQUISIÇÃO DE FOGOS DE ARTIFÍCIO PARA ATENDER AS NECESSIDADES DA SECRETARIA DE CULTURA, ESPORTE E TURISMO DO MUNICÍPIO DE ALAGOINHAS-BAHIA";;;;;;;;;;;;;;;;;;;;
"";;;;;;;;"";;;;;;;;;;;;;;;;;;;;

"149-2023";;;;;;;;;;;;"7858-2023";;;;"17/08/2023";"VENCIDO";"DIEGO NASCIMENTO DE MELO E CIA LTDA";;;;"17/08/2023";;;;"17/08/2024";;;;"R$ 30.030,00";;

"Gestor/Fiscal";;;;;;;;;;;;;"Nome";;;;"Unid. Orçamentária";;"Órgão";;;;;;;"Data Início";;;"Data Fim"

"Objeto:";;;;;;;;"CONTRATAÇÃO DE EMPRESA PARA ELABORAÇÃO DE PROJETOS DE ENGENHARIA VOLTADOS PARA A CONSTRUÇÃO DO CENTRO DE REFERÊNCIA DE ASSISTÊNCIA SOCIAL - CRAS, NO BAIRRO DE ALAGOINHAS VELHA";;;;;;;;;;;;;;;;;;;;
"";;;;;;;;"";;;;;;;;;;;;;;;;;;;;

"151-2024";;;;;;;;;;;;"6618";;;;"20/06/2024";"VENCIDO";"F T NASCIMENTO DE ALMEIDA PRODUCOES - ME";;;;"20/06/2024";;;;"20/09/2024";;;;"R$ 30.000,00";;

"Gestor/Fiscal";;;;;;;;;;;;;"Nome";;;;"Unid. Orçamentária";;"Órgão";;;;;;;"Data Início";;;"Data Fim"

"Objeto:";;;;;;;;"CONTRATAÇÃO DE ATRAÇÃO ARTÍSTICA PARA APRESENTAÇÃO DE SHOW MUSICAL DA BANDA XOTE MANIA NOS FESTEJOS JUNINOS NO MUNICÍPIO DE ALAGOINHAS-BAHIA.";;;;;;;;;;;;;;;;;;;;
"";;;;;;;;"";;;;;;;;;;;;;;;;;;;;

"152-2024";;;;;;;;;;;;"6825";;;;"20/06/2024";"VENCIDO";"J. EDVA DA SILVA CAMPOS";;;;"20/06/2024";;;;"20/09/2024";;;;"R$ 80.000,00";;

"Gestor/Fiscal";;;;;;;;;;;;;"Nome";;;;"Unid. Orçamentária";;"Órgão";;;;;;;"Data Início";;;"Data Fim"

"Objeto:";;;;;;;;"CONTRATAÇÃO DE ATRAÇÃO ARTÍSTICA PARA APRESENTAÇÃO DE SHOW MUSICAL DE ZÉ DUARTE E BANDA QUARTO DE HOTEL NOS FESTEJOS JUNINOS NO MUNICÍPIO DE ALAGOINHAS-BAHIA.";;;;;;;;;;;;;;;;;;;;
"";;;;;;;;"";;;;;;;;;;;;;;;;;;;;

"154-2023";;;;;;;;;;;;"8684-2021";;;;"11/09/2023";"VENCIDO";"LINS ATIVIDADES MEDICAS LTDA";;;;"11/09/2023";;;;"11/09/2024";;;;"R$ 57.600,00";;

"Gestor/Fiscal";;;;;;;;;;;;;"Nome";;;;"Unid. Orçamentária";;"Órgão";;;;;;;"Data Início";;;"Data Fim"

"Objeto:";;;;;;;;"CREDENCIAMENTO DE PROFISSIONAIS MÉDICOS PARA PRESTAÇÃO DE SERVIÇOS DE SAÚDE, DE FORMA COMPLEMENTAR E EXCEPCIONAL JUNTO AO SISTEMA ÚNICO DE SAÚDE, QUE TENHAM HABILITAÇÃO PARA O EXERCÍCIO DAS FUNÇÕES PREVISTAS NO EDITAL, PARA ATUAÇÃO NAS UNIDADES DE SAÚDE, VINCULADAS À SECRETARIA MUNICIPAL DA SAÚDE DE ALAGOINHAS.";;;;;;;;;;;;;;;;;;;;
;;;;;;;;;;;;;;;;;;;;;;;;;;;;
"";;;;;;;;"";;;;;;;;;;;;;;;;;;;;

"Contabilis - Desenvolvido por 3Tecnos Tecnologia  /   /       Chave do Filtro: KM4N-XALJ-MBKY-ALLJ-8D7S
SPID: 8216";;;;;;;;;;;;;;;;;;;;"";;;;;"Página 17 de 34";;;;;;;
"ESTADO DA BAHIA";;;;;;;;;;;;;;;;;"";;;;;;;;
;;;;;;;;;;;;;;;;
"PREFEITURA MUNICIPAL DE ALAGOINHAS";;;;;;;;;;;;;;;;;;;;;;;;;;
"Relação de Contratos";;;;;;;;;;;;;;;;;;;;;;;;;;

"ABRIL/2026";;;;;

"Contrato";;;;;;;;;;;;"Processo";;;;"Assinatura";"Situação";"Credor/Fornecedor";;;;"Vigência";;;;;;;;"Valor";;
;;;;;;;;;;;;;;;;;;;;;;"Início";;;;"Fim";;;;;;
"154-2024";;;;;;;;;;;;"7033-2024";;;;"20/06/2024";"VENCIDO";"ZE LIVRORIO PRODUCOES ARTISTICAS LTDA";;;;"20/06/2024";;;;"20/09/2024";;;;"R$ 30.000,00";;

"Gestor/Fiscal";;;;;;;;;;;;;"Nome";;;;"Unid. Orçamentária";;"Órgão";;;;;;;"Data Início";;;"Data Fim"

"Objeto:";;;;;;;;"CONTRATAÇÃO DE ATRAÇÃO ARTÍSTICA PRA APRESENTAÇÃO DE SHOW MUSICAL DE ZÉ LIVRÓRIO NOS FESTEJOS JUNINOS NO MUNICÍPIO DE ALAGOINHAS-BAHIA";;;;;;;;;;;;;;;;;;;;
"";;;;;;;;"";;;;;;;;;;;;;;;;;;;;

"159-2023";;;;;;;;;;;;"8126-2023";;;;"01/09/2023";"VENCIDO";"VOLGA COMERCIAL DE EQUIPAMENTOS LTDA";;;;"01/09/2023";;;;"01/09/2024";;;;"R$ 311.958,00";;

"Gestor/Fiscal";;;;;;;;;;;;;"Nome";;;;"Unid. Orçamentária";;"Órgão";;;;;;;"Data Início";;;"Data Fim"

"Objeto:";;;;;;;;"a AQUISIÇÃO DE COMPUTADORES COMPLETOS, IMPRESSORAS, NOBREAKS, NOTEBOOKS, TELEVISORES E DEMAIS EQUIPAMENTOS DE INFORMÁTICA E TELEFONIA PARA ATENDIMENTO ÀS DEMANDAS DAS SECRETARIAS MUNICIPAIS DA PREFEITURA DE ALAGOINHAS-BA";;;;;;;;;;;;;;;;;;;;
"";;;;;;;;"";;;;;;;;;;;;;;;;;;;;

"165-2023";;;;;;;;;;;;"8407-2023";;;;"01/09/2023";"VENCIDO";"TUPLAN TUCANO PLANEJAMENTO AGROPECUARIA LTDA";;;;"01/09/2023";;;;"01/03/2024";;;;"R$ 33.000,00";;
"";;"Gestor/Fiscal";;;;;;;;;;;;;"Nome";;;;"Unid. Orçamentária";;"Órgão";;;;;;;"Data Início";;;"Data Fim";""
;;;;;;;;;;;;;;;;;;;;;;;;;;;;;

"Objeto:";;;;;;;;"CONTRATAÇÃO DE EMPRESA DE TOPOGRAFIA PARA EXECUÇÃO DE SERVIÇOS TÉCNICOS ESPECIALIZADOS VISANDO LEVANTAMENTOS TOPOGRÁFICOS COM GEORREFERENCIAMENTO QUE IRÃO AUXILIAR NA CONTRUÇÃO DAS PEÇAS GRÁFICAS DOS IMÓVEIS QUE SERÃO REGULARIZADOS NO MUNICÍPIO DE ALAGOINHAS- BAHIA.";;;;;;;;;;;;;;;;;;;;
"170-2023";;;;;;;;;;;;"7630-2023";;;;"04/10/2023";"VENCIDO";"VILMA OLIVEIRA COSTA ";;;;"04/10/2023";;;;"04/10/2024";;;;"R$ 81.600,00";;
;;;;;;;;;;;;;;;;;;;;;;;;;;;;;;;;
;;;;;;;;;;;;;;;;;;;;;;;;;;;;;;;;

"Gestor/Fiscal";;;;;;;;;;;;;"Nome";;;;"Unid. Orçamentária";;"Órgão";;;;;;;"Data Início";;;"Data Fim"

"Objeto:";;;;;;;;"Locação de imóvel localizado na rua 5º parque josé dórea, nº 32, par afuncionamento do laboratório municipal.";;;;;;;;;;;;;;;;;;;;
"";;;;;;;;"";;;;;;;;;;;;;;;;;;;;

"173-2023";;;;;;;;;;;;"10625-2023";;;;"19/09/2023";"VENCIDO";"L M BRITO TECNOLOGIA ME";;;;"19/09/2023";;;;"19/09/2024";;;;"R$ 16.000,00";;

"Gestor/Fiscal";;;;;;;;;;;;;"Nome";;;;"Unid. Orçamentária";;"Órgão";;;;;;;"Data Início";;;"Data Fim"

"Objeto:";;;;;;;;"PRESTAÇÃO DE SERVIÇO ESPECIALIZADO EM PLATAFORMA WEB PARA HOSPEDAGEM DE WEBSITE INSTITUCIONAL COM SUBDOMÍNIOS, CERTIFICADO SSL WILDCARD, BEM COMO SERVIÇOS DE HOSPEDAGEM DE WEBMAIL COM SUPORTE INTEGRADO";;;;;;;;;;;;;;;;;;;;
"";;;;;;;;"";;;;;;;;;;;;;;;;;;;;

"174-223";;;;;;;;;;;;"6343-2023";;;;"02/10/2023";"VENCIDO";"GLEIDE MARY DA SILVA CASTRO";;;;"02/10/2023";;;;"02/10/2024";;;;"R$ 72.032,40";;

"Gestor/Fiscal";;;;;;;;;;;;;"Nome";;;;"Unid. Orçamentária";;"Órgão";;;;;;;"Data Início";;;"Data Fim"

"Objeto:";;;;;;;;"LOCAÇÃO DE IMÓVEL LOCALIZADO NO LOTEAMENTO PARQUE FLORESTA, QUADRA 46/F LOTE 09, EM ALAGOINHAS- BAHIA, PARA FUNCIONAMENTO DO CAPS.";;;;;;;;;;;;;;;;;;;;
"";;;;;;;;"";;;;;;;;;;;;;;;;;;;;


"Contabilis - Desenvolvido por 3Tecnos Tecnologia  /   /       Chave do Filtro: KM4N-XALJ-MBKY-ALLJ-8D7S
SPID: 8216";;;;;;;;;;;;;;;;;;;;"";;;;;"Página 18 de 34";;;;;;;
"ESTADO DA BAHIA";;;;;;;;;;;;;;;;;"";;;;;;;;
;;;;;;;;;;;;;;;;
"PREFEITURA MUNICIPAL DE ALAGOINHAS";;;;;;;;;;;;;;;;;;;;;;;;;;
"Relação de Contratos";;;;;;;;;;;;;;;;;;;;;;;;;;

"ABRIL/2026";;;;;

"Contrato";;;;;;;;;;;;"Processo";;;;"Assinatura";"Situação";"Credor/Fornecedor";;;;"Vigência";;;;;;;;"Valor";;
;;;;;;;;;;;;;;;;;;;;;;"Início";;;;"Fim";;;;;;
"175-2023";;;;;;;;;;;;"2352-2021";;;;"15/09/2023";"VENCIDO";"CLEIDICE MARIA DOS ANJOS ANDRADE DE JESUS";;;;"15/09/2023";;;;"15/09/2024";;;;"R$ 60.000,00";;

"Gestor/Fiscal";;;;;;;;;;;;;"Nome";;;;"Unid. Orçamentária";;"Órgão";;;;;;;"Data Início";;;"Data Fim"

"Objeto:";;;;;;;;"a prestação de Serviços Técnicos de Engenharia e/ou Agrimensura, envolvendo a análise e elaboração de projetos, orçamento, fiscalização de obras e operação de maquinário especializado de empreendimentos da PREFEITURA MUNICIPAL DE ALAGOINHAS";;;;;;;;;;;;;;;;;;;;
"";;;;;;;;"";;;;;;;;;;;;;;;;;;;;

"176-2023";;;;;;;;;;;;"5215-2023";;;;"18/09/2023";"VENCIDO";"ROSEMÊRE DIOGO DE BARROS";;;;"18/09/2023";;;;"18/09/2024";;;;"R$ 18.000,00";;

"Gestor/Fiscal";;;;;;;;;;;;;"Nome";;;;"Unid. Orçamentária";;"Órgão";;;;;;;"Data Início";;;"Data Fim"

"Objeto:";;;;;;;;"CREDENCIAMENTO DE PROFISSIONAIS, E/OU PESSOAS JURÍDICAS, VISANDO A REALIZAÇÃO DE OFICINAS PRESENCIAIS PARA DESENVOLVER ATIVIDADES DE DANÇA, ATIVIDADES ESPORTIVAS ADAPTADAS PARA PESSOAS IDOSAS, ATIVIDADES ESPORTIVAS PARA CRIANÇAS, ATIVIDADES ESPORTIVAS ADAPTADAS PARA PESSOAS COM DEFICIÊNCIA E ATIVIDADES DE TREINAMENTO FUNCIONAL E ALONGAMENTOS, NO ÂMBITO DO PROGRAMA MOVA-SE";;;;;;;;;;;;;;;;;;;;
"177-2023";;;;;;;;;;;;"5215-2023";;;;"18/09/2023";"VENCIDO";"DEBORAH LUIZA SANTIAGO SANTANA";;;;"18/09/2023";;;;"18/09/2024";;;;"R$ 6.840,00";;
;;;;;;;;;;;;;;;;;;;;;;;;;;;;;;;;
;;;;;;;;;;;;;;;;;;;;;;;;;;;;;;;;

"Gestor/Fiscal";;;;;;;;;;;;;"Nome";;;;"Unid. Orçamentária";;"Órgão";;;;;;;"Data Início";;;"Data Fim"

"Objeto:";;;;;;;;"CREDENCIAMENTO DE PROFISSIONAIS, E/OU PESSOAS JURIDICAS, VISANDO A REALIZAQAO DE OFICINAS PRESENCIA1S PARA DESENVOLVER ATIVIDADES DE DANÇA, ATIVIDADES ESPORTIVAS ADAPTADAS PARA PESSOAS IDOSAS, ATIVIDADES
ESPORTIVAS PARA CRIANÇAS, ATIVIDADES ESPORTIVAS ADAPTADAS PARA PESSOAS COM DEFICIENCIA E ATIVIDADES DE TREINAMENTO FUNCIONAL E ALONGAMENTOS, NO AMBITO DO PROGRAMA MOVA-SE";;;;;;;;;;;;;;;;;;;;
"178-2023";;;;;;;;;;;;"6910-2023";;;;"27/09/2023";"VENCIDO";"LAR ESPIRITA MAE HELENA";;;;"27/09/2023";;;;"27/09/2024";;;;"R$ 22.200,00";;
;;;;;;;;;;;;;;;;;;;;;;;;;;;;;;;;
"";;;;;;;;"";;;;;;;;;;;;;;;;;;;;

"Gestor/Fiscal";;;;;;;;;;;;;"Nome";;;;"Unid. Orçamentária";;"Órgão";;;;;;;"Data Início";;;"Data Fim"

"Objeto:";;;;;;;;"LOCAÇÃO DE IMÓVEL PARA FUNCIONAMENTO DO ANEXO DA ESCOLA MUNICIPAL ADALGISA SANTOS, SITUADO NA RUA LUIZ VIANA, Nº 302, CENTRO, ALAGOINHAS-BAHIA, DE PROPRIEDADE DO LAR ESPIRITA MÃE HELENA.";;;;;;;;;;;;;;;;;;;;
"";;;;;;;;"";;;;;;;;;;;;;;;;;;;;

"181-2023";;;;;;;;;;;;"CRED0005-2023";;;;"24/11/2023";"VENCIDO";"BIGCARD ADM. DE CONVÊNIOS SERVIÇOS LTDA";;;;"24/11/2023";;;;"24/11/2024";;;;"R$ 2.346.960,00";;

"Gestor/Fiscal";;;;;;;;;;;;;"Nome";;;;"Unid. Orçamentária";;"Órgão";;;;;;;"Data Início";;;"Data Fim"

"Objeto:";;;;;;;;"Credenciamento de empresa(s) especializada(s) para prestação de serviços de gerenciamento, implementação, administração e disponibilização de créditos em cartões eletrônicos/magnéticos, nas modalidades refeição e alimentação, para os servidores, membros da Prefeitura Municipal de Alagoinhas – Ba, que possibilitem a aquisição de refeições prontas e gêneros alimentícios em rede de estabelecimentos credenciados.";;;;;;;;;;;;;;;;;;;;
"185-2023";;;;;;;;;;;;"6610-2023";;;;"01/11/2023";"VENCIDO";"CÂNDIDA OLIVEIRA DE JESUS XAVIER";;;;"01/11/2023";;;;"01/11/2024";;;;"R$ 24.000,00";;
;;;;;;;;;;;;;;;;;;;;;;;;;;;;;;;;
;;;;;;;;;;;;;;;;;;;;;;;;;;;;;;;;

"Gestor/Fiscal";;;;;;;;;;;;;"Nome";;;;"Unid. Orçamentária";;"Órgão";;;;;;;"Data Início";;;"Data Fim"

"Objeto:";;;;;;;;"Contrato de locação imóvel para funcionamento do centro de referencia a assistêncai social - CRAS, no Distrito de riacho da guia";;;;;;;;;;;;;;;;;;;;
"";;;;;;;;"";;;;;;;;;;;;;;;;;;;;


"Contabilis - Desenvolvido por 3Tecnos Tecnologia  /   /       Chave do Filtro: KM4N-XALJ-MBKY-ALLJ-8D7S
SPID: 8216";;;;;;;;;;;;;;;;;;;;"";;;;;"Página 19 de 34";;;;;;;
"ESTADO DA BAHIA";;;;;;;;;;;;;;;;;"";;;;;;;;
;;;;;;;;;;;;;;;;
"PREFEITURA MUNICIPAL DE ALAGOINHAS";;;;;;;;;;;;;;;;;;;;;;;;;;
"Relação de Contratos";;;;;;;;;;;;;;;;;;;;;;;;;;

"ABRIL/2026";;;;;

"Contrato";;;;;;;;;;;;"Processo";;;;"Assinatura";"Situação";"Credor/Fornecedor";;;;"Vigência";;;;;;;;"Valor";;
;;;;;;;;;;;;;;;;;;;;;;"Início";;;;"Fim";;;;;;
"188-2023";;;;;;;;;;;;"5215-2023";;;;"17/10/2023";"VENCIDO";"RENAN SILVA FERREIRA";;;;"17/10/2023";;;;"17/10/2024";;;;"R$ 13.200,00";;

"Gestor/Fiscal";;;;;;;;;;;;;"Nome";;;;"Unid. Orçamentária";;"Órgão";;;;;;;"Data Início";;;"Data Fim"


"Objeto:";;;;;;;;"CREDENCIAMENTO DE PROFISSIONAIS, E/OU PESSOAS JURÍDICAS, VISANDO A REALIZAÇÃO DE OFICINAS PRESENCIAIS PARA DESENVOLVER ATIVIDADES DE DANÇA, ATIVIDADES ESPORTIVAS ADAPTADAS PARA PESSOAS IDOSAS, ATIVIDADES ESPORTIVAS PARA CRIANÇAS, ATIVIDADES ESPORTIVAS ADAPTADAS PARA PESSOAS COM DEFICIÊNCIA E ATIVIDADES DE TREINAMENTO FUNCIONAL E ALONGAMENTOS, NO ÂMBITO DO PROGRAMA MOVA-SE";;;;;;;;;;;;;;;;;;;;
"189-2023";;;;;;;;;;;;"12016-2023";;;;"27/10/2023";"VENCIDO";"J. B. TRINDADE EMPREENDIMENTOS COMERCIAIS";;;;"27/10/2023";;;;"27/10/2024";;;;"R$ 25.000,00";;
;;;;;;;;;;;;;;;;;;;;;;;;;;;;;;;;
;;;;;;;;;;;;;;;;;;;;;;;;;;;;;;;;

"Gestor/Fiscal";;;;;;;;;;;;;"Nome";;;;"Unid. Orçamentária";;"Órgão";;;;;;;"Data Início";;;"Data Fim"

"Objeto:";;;;;;;;"Contratação de atração artística para apresentação de show musical da banda itamar mexendo com você na calvagada da serra do ouro no município de Alagoinhas-Bahia";;;;;;;;;;;;;;;;;;;;
"";;;;;;;;"";;;;;;;;;;;;;;;;;;;;

"190-2023";;;;;;;;;;;;"3533-2023";;;;"07/11/2023";"VENCIDO";"KOMETAL CONSTRUTORA LTDA";;;;"07/11/2023";;;;"07/11/2024";;;;"R$ 449.799,81";;

"Gestor/Fiscal";;;;;;;;;;;;;"Nome";;;;"Unid. Orçamentária";;"Órgão";;;;;;;"Data Início";;;"Data Fim"

"Objeto:";;;;;;;;"PRESTAÇÃO DE SERVIÇOS DE REFORMA, AMPLIAÇÃO E ADEQUAÇÃO DA ESCOLA MUNICIPAL PROFESSOR MARIO LAERT NO MUNICÍPIO DE ALAGOINHAS-BAHIA, conforme termos do Edital TOMADA DE PREÇOS No 005/2023";;;;;;;;;;;;;;;;;;;;
"";;;;;;;;"";;;;;;;;;;;;;;;;;;;;

"191-2023";;;;;;;;;;;;"10824-2023";;;;"04/10/2023";"VENCIDO";"JKM COMERCIO INDUSTRIA DE CONFECCOES E SILK-SCREEN LTDA";;;;"04/10/2023";;;;"04/10/2024";;;;"R$ 27.315,00";;
"";;"Gestor/Fiscal";;;;;;;;;;;;;"Nome";;;;"Unid. Orçamentária";;"Órgão";;;;;;;"Data Início";;;"Data Fim";""
;;;;;;;;;;;;;;;;;;;;;;;;;;;;;

"Objeto:";;;;;;;;"CONTRATAÇÃO DE EMPRESA PARA O FORNECIMENTO DE CAMISAS, PARA DIVULGAÇÃO DAS AÇÕES E ATIVIDADES DAS UNIDADES DA SECRETARIA DE ASSISTÊNCIA SOCIAL DO MUNICÍPIO DE ALAGOINHAS-BA";;;;;;;;;;;;;;;;;;;;
"";;;;;;;;"";;;;;;;;;;;;;;;;;;;;

"192-2023";;;;;;;;;;;;"3807-2023";;;;"01/11/2023";"VENCIDO";"INTERDATA INFORMATICA LTDA";;;;"01/11/2023";;;;"01/11/2024";;;;"R$ 13.900,00";;

"Gestor/Fiscal";;;;;;;;;;;;;"Nome";;;;"Unid. Orçamentária";;"Órgão";;;;;;;"Data Início";;;"Data Fim"

"Objeto:";;;;;;;;"PRESTAÇÃO DE SERVIÇOS DE MANUTENÇÃO CORRETIVA E PREVENTIVA DE IMPRESSORA COM O FORNECIMENTO DE PEÇAS, PARA ATENDER AS NECESSIDADES DA SECRETARIA MUNICIPAL DE EDUCAÇÃO-SEDUC.";;;;;;;;;;;;;;;;;;;;
"";;;;;;;;"";;;;;;;;;;;;;;;;;;;;

"193-2023";;;;;;;;;;;;"8957-2023";;;;"09/11/2023";"VENCIDO";"ADRIANA DOS SANTOS BRITO MATERIAIS ELETRICOS LTDA";;;;"09/11/2023";;;;"09/11/2024";;;;"R$ 16.278,02";;
"";;"Gestor/Fiscal";;;;;;;;;;;;;"Nome";;;;"Unid. Orçamentária";;"Órgão";;;;;;;"Data Início";;;"Data Fim";""
;;;;;;;;;;;;;;;;;;;;;;;;;;;;;

"Objeto:";;;;;;;;"AQUISIÇÃO DE MATERIAIS ELÉTRICOS PARA MANUTENÇÃO CORRETIVA DO CENTRO ADMINISTRATIVO MUNICIPAL.";;;;;;;;;;;;;;;;;;;;
"";;;;;;;;"";;;;;;;;;;;;;;;;;;;;


"Contabilis - Desenvolvido por 3Tecnos Tecnologia  /   /       Chave do Filtro: KM4N-XALJ-MBKY-ALLJ-8D7S
SPID: 8216";;;;;;;;;;;;;;;;;;;;"";;;;;"Página 20 de 34";;;;;;;
"ESTADO DA BAHIA";;;;;;;;;;;;;;;;;"";;;;;;;;
;;;;;;;;;;;;;;;;
"PREFEITURA MUNICIPAL DE ALAGOINHAS";;;;;;;;;;;;;;;;;;;;;;;;;;
"Relação de Contratos";;;;;;;;;;;;;;;;;;;;;;;;;;

"ABRIL/2026";;;;;

"Contrato";;;;;;;;;;;;"Processo";;;;"Assinatura";"Situação";"Credor/Fornecedor";;;;"Vigência";;;;;;;;"Valor";;
;;;;;;;;;;;;;;;;;;;;;;"Início";;;;"Fim";;;;;;
"194-2023";;;;;;;;;;;;"10335-2023";;;;"10/10/2023";"VENCIDO";"NARA BISPO DE SANTANA";;;;"10/11/2023";;;;"10/11/2024";;;;"R$ 66.000,00";;

"Gestor/Fiscal";;;;;;;;;;;;;"Nome";;;;"Unid. Orçamentária";;"Órgão";;;;;;;"Data Início";;;"Data Fim"

"Objeto:";;;;;;;;"LOCAÇÃO DE IMÓVEL SITUADO NA RUA AMANDINA FERREIRA DE CARVALHO, Nº 124, BAIRRO SILVA JARDIM, ALAGOINHAS/BA, PARA FUNCIONAMENTO DO POSTO DE SAÚDE SÃO CRISTÓVÃO, EM ALAGOINHAS-BAHIA.";;;;;;;;;;;;;;;;;;;;
"";;;;;;;;"";;;;;;;;;;;;;;;;;;;;

"195-2023";;;;;;;;;;;;"9012-2023";;;;"13/11/2023";"VENCIDO";"MXM SOLUCOES EM INFORMATICA LTDA - ME";;;;"13/11/2023";;;;"13/01/2024";;;;"R$ 17.160,00";;

"Gestor/Fiscal";;;;;;;;;;;;;"Nome";;;;"Unid. Orçamentária";;"Órgão";;;;;;;"Data Início";;;"Data Fim"

"Objeto:";;;;;;;;"AQUISIÇÃO DE 03 (TRÊS) SCANNERS PARA ATENDER AS NECESSIDADES DA SECRETARIA DA FAZENDA DA PREFEITURA MUNICIPAL DE ALAGOINHAS-BA.";;;;;;;;;;;;;;;;;;;;
"";;;;;;;;"";;;;;;;;;;;;;;;;;;;;

"196/2023";;;;;;;;;;;;"10812-2023";;;;"14/11/2023";"VENCIDO";"NOCARVEL NOSSA SENHORA DO CARMO VEÍCULOS LTDA";;;;"14/11/2023";;;;"14/11/2024";;;;"R$ 138.000,00";;
"";;"Gestor/Fiscal";;;;;;;;;;;;;"Nome";;;;"Unid. Orçamentária";;"Órgão";;;;;;;"Data Início";;;"Data Fim";""
;;;;;;;;;;;;;;;;;;;;;;;;;;;;;

"Objeto:";;;;;;;;"AQUISIÇÃO DE 01 (UM) VEÍCULO AUTOMOTOR, TIPO PICK-UP PARA ATENDER A SECRETARIA MUNICIPAL DE AGRICULTURA DE ALAGOINHAS/BAHIA";;;;;;;;;;;;;;;;;;;;
"";;;;;;;;"";;;;;;;;;;;;;;;;;;;;

"197-2023";;;;;;;;;;;;"10909-2023";;;;"02/10/2023";"VENCIDO";"COMERCIAL PINTO DE CERQUEIRA LTDA";;;;"02/10/2023";;;;"02/04/2024";;;;"R$ 2.628.948,85";;

"Gestor/Fiscal";;;;;;;;;;;;;"Nome";;;;"Unid. Orçamentária";;"Órgão";;;;;;;"Data Início";;;"Data Fim"

"Objeto:";;;;;;;;"AQUISIÇÃO DE GÊNEROS ALIMENTÍCIOS QUE SERÃO UTILIZADOS NA PREPARAÇÃO DA ALIMENTAÇÃO ESCOLAR PARA OS ALUNOS NAS UNIDADES ESCOLARES DA REDE MUNICIPAL DE ENSINO, OBJETIVANDO ATENDER AS NECESSIDADES DA SECRETARIA MUNICIPAL DA EDUCAÇÃO DE ALAGOINHAS.";;;;;;;;;;;;;;;;;;;;
"";;;;;;;;"";;;;;;;;;;;;;;;;;;;;

"198-2023";;;;;;;;;;;;"10903-2023";;;;"13/11/2023";"VENCIDO";"SOU COMUNICACAO LTDA";;;;"13/11/2023";;;;"13/02/2024";;;;"R$ 658.128,00";;

"Gestor/Fiscal";;;;;;;;;;;;;"Nome";;;;"Unid. Orçamentária";;"Órgão";;;;;;;"Data Início";;;"Data Fim"

"Objeto:";;;;;;;;"A CONTRATAÇÃO DE EMPRESA ESPECIALIZADA NA PRESTAÇÃO DE SERVIÇOS COMUNS DE COMUNICAÇÃO VISUAL E SINALIZAÇÃO, PARA ATENDER AS EVENTUAIS DEMANDAS DOS ÓRGÃOS E ENTIDADES DO PODER EXECUTIVO MUNICIPAL DE SALVADOR,";;;;;;;;;;;;;;;;;;;;
"";;;;;;;;"";;;;;;;;;;;;;;;;;;;;

"199-2023";;;;;;;;;;;;"2352-2021";;;;"09/11/2023";"VENCIDO";"ALISSON DE ARAUJO SANTOS";;;;"09/11/2023";;;;"09/11/2024";;;;"R$ 72.000,00";;

"Gestor/Fiscal";;;;;;;;;;;;;"Nome";;;;"Unid. Orçamentária";;"Órgão";;;;;;;"Data Início";;;"Data Fim"

"Objeto:";;;;;;;;"O presente Contrato tem por objeto a prestação de Serviços Técnicos de Engenharia e/ou Agrimensura, envolvendo a análise e elaboração de projetos, orçamento, fiscalização de obras e operação de maquinário especializado de empreendimentos da PREFEITURA MUNICIPAL DE ALAGOINHAS";;;;;;;;;;;;;;;;;;;;
"";;;;;;;;"";;;;;;;;;;;;;;;;;;;;


"Contabilis - Desenvolvido por 3Tecnos Tecnologia  /   /       Chave do Filtro: KM4N-XALJ-MBKY-ALLJ-8D7S
SPID: 8216";;;;;;;;;;;;;;;;;;;;"";;;;;"Página 21 de 34";;;;;;;
"ESTADO DA BAHIA";;;;;;;;;;;;;;;;;"";;;;;;;;
;;;;;;;;;;;;;;;;
"PREFEITURA MUNICIPAL DE ALAGOINHAS";;;;;;;;;;;;;;;;;;;;;;;;;;
"Relação de Contratos";;;;;;;;;;;;;;;;;;;;;;;;;;

"ABRIL/2026";;;;;

"Contrato";;;;;;;;;;;;"Processo";;;;"Assinatura";"Situação";"Credor/Fornecedor";;;;"Vigência";;;;;;;;"Valor";;
;;;;;;;;;;;;;;;;;;;;;;"Início";;;;"Fim";;;;;;
"200-2023";;;;;;;;;;;;"2352-2021";;;;"09/11/2023";"VENCIDO";"HILDEBRANDO MANOEL FONSECA DANTAS";;;;"09/11/2023";;;;"09/11/2024";;;;"R$ 72.000,00";;

"Gestor/Fiscal";;;;;;;;;;;;;"Nome";;;;"Unid. Orçamentária";;"Órgão";;;;;;;"Data Início";;;"Data Fim"

"Objeto:";;;;;;;;"O presente Contrato tem por objeto a prestação de Serviços Técnicos de Engenharia e/ou Agrimensura, envolvendo a análise e elaboração de projetos, orçamento, fiscalização de obras e operação de maquinário especializado de empreendimentos da PREFEITURA MUNICIPAL DE ALAGOINHAS";;;;;;;;;;;;;;;;;;;;
"";;;;;;;;"";;;;;;;;;;;;;;;;;;;;

"201-2023";;;;;;;;;;;;"9094-2023";;;;"29/11/2023";"VENCIDO";"IETEC - INSTITUTO DE EDUCACAO E TECNOLOGIA LTDA";;;;"29/11/2023";;;;"29/03/2024";;;;"R$ 13.900,00";;
"";;"Gestor/Fiscal";;;;;;;;;;;;;"Nome";;;;"Unid. Orçamentária";;"Órgão";;;;;;;"Data Início";;;"Data Fim";""
;;;;;;;;;;;;;;;;;;;;;;;;;;;;;

"Objeto:";;;;;;;;"CONTRATAÇÃO DE EMPRESA ESPECIALIZADA EM PRESTAÇÃO DE SERVIÇOS CAPACITAR OS CONSELHEIROS TUTELARES ELEITOS (TITULARES E SUPLENTES).";;;;;;;;;;;;;;;;;;;;
"";;;;;;;;"";;;;;;;;;;;;;;;;;;;;

"2012-2023-SESAU";;;;;;;;;;;;"8518-2023";;;;"04/08/2023";"VENCIDO";"MEMORIAL SERVICOS MEDICOS LTDA";;;;"05/08/2023";;;;"05/08/2024";;;;"R$ 97.740,00";;

"Gestor/Fiscal";;;;;;;;;;;;;"Nome";;;;"Unid. Orçamentária";;"Órgão";;;;;;;"Data Início";;;"Data Fim"

"Objeto:";;;;;;;;"CREDENCIAMENTO DE PROFISSIONAIS MÉDICOS PARA PRESTAÇÃO DE SERVIÇOS DE SAÚDE, DE FORMA COMPLEMENTAR E EXCEPCIONAL JUNTO AO SISTEMA ÚNICO DE SAÚDE, QUE TENHAM HABILITAÇÃO PARA O EXERCÍCIO DAS FUNÇÕES PREVISTAS NO EDITAL, PARA ATUAÇÃO NAS UNIDADES DE SAÚDE, VINCULADAS À SECRETARIA MUNICIPAL DA SAÚDE DE ALAGOINHAS.";;;;;;;;;;;;;;;;;;;;
"202-2023";;;;;;;;;;;;"12838-2023";;;;"16/11/2023";"VENCIDO";"MARIA DA CONCEIÇÃO FIGUEIREDO - ME";;;;"16/11/2023";;;;"16/02/2024";;;;"R$ 90.000,00";;
;;;;;;;;;;;;;;;;;;;;;;;;;;;;;;;;
;;;;;;;;;;;;;;;;;;;;;;;;;;;;;;;;

"Gestor/Fiscal";;;;;;;;;;;;;"Nome";;;;"Unid. Orçamentária";;"Órgão";;;;;;;"Data Início";;;"Data Fim"

"Objeto:";;;;;;;;"CONTRATAÇÃO DE ATRAÇÃO ARTÍSTICA PARA APRESENTAÇÃO DE SHOW MUSICAL DO CANTOR EDSON GOMES NO BAHIA BEER NO MUNICIPIO DE ALAGOINHAS- BAHIA.";;;;;;;;;;;;;;;;;;;;
"";;;;;;;;"";;;;;;;;;;;;;;;;;;;;

"203-2023";;;;;;;;;;;;"12071-2023";;;;"09/11/2023";"VENCIDO";"AM SANTOS REFRIGERACAO E INSTALACOES ELETRICAS";;;;"09/11/2023";;;;"09/11/2024";;;;"R$ 121.620,37";;
"";;"Gestor/Fiscal";;;;;;;;;;;;;"Nome";;;;"Unid. Orçamentária";;"Órgão";;;;;;;"Data Início";;;"Data Fim";""
;;;;;;;;;;;;;;;;;;;;;;;;;;;;;

"Objeto:";;;;;;;;"CONTRATAÇÃO DE EMPRESA PARA PRESTAÇÃO DE SERVIÇOS DE REMOÇÃO, COLOCAÇÃO, INSTALAÇÃO E MANUTENÇÃO PREVENTIVA E CORRETIVA DE APARELHOS DE AR CONDICIONADO E EQUIPAMENTOS DE REFRIGERAÇÃO PARA ATENDER AS NECESSIDADES DA SECRETARIA MUNICIPAL DE ASSISTÊNCIA SOCIAL DE ALAGOINHAS/BA E SUAS UNIDADES DESCENTRALIZADAS";;;;;;;;;;;;;;;;;;;;
"204-2023";;;;;;;;;;;;"CRED0005-2023";;;;"22/11/2023";"VENCIDO";"ALELO INSTITUIÇÃO DE PAGAMENTO S A";;;;"22/11/2023";;;;"22/11/2024";;;;"R$ 15.107.400,00";;
;;;;;;;;;;;;;;;;;;;;;;;;;;;;;;;;
;;;;;;;;;;;;;;;;;;;;;;;;;;;;;;;;

"Gestor/Fiscal";;;;;;;;;;;;;"Nome";;;;"Unid. Orçamentária";;"Órgão";;;;;;;"Data Início";;;"Data Fim"

"Objeto:";;;;;;;;"CREDENCIAMENTO DE EMPRESA (S) ESPECIALIZADA (S) PARA PRESTAÇÃO DE SERVIÇOS DE GERENCIAMENTO, IMPLEMENTAÇÃO, ADMINISTRAÃO E DISPONIBILIZAÇÃO DE CRÉDITOS EM CARTÕES ELETRONICOS/MAGNETICOS, NAS MODALIDADES REFEIÇÃO E ALIMENTAÇÃO, PARA OS SERVIDORES MEMBROS DA PREFEITURA MUNICIPAL DE ALAGOINHAS-BA";;;;;;;;;;;;;;;;;;;;
;;;;;;;;;;;;;;;;;;;;;;;;;;;;
"";;;;;;;;"";;;;;;;;;;;;;;;;;;;;

"Contabilis - Desenvolvido por 3Tecnos Tecnologia  /   /       Chave do Filtro: KM4N-XALJ-MBKY-ALLJ-8D7S
SPID: 8216";;;;;;;;;;;;;;;;;;;;"";;;;;"Página 22 de 34";;;;;;;
"ESTADO DA BAHIA";;;;;;;;;;;;;;;;;"";;;;;;;;
;;;;;;;;;;;;;;;;
"PREFEITURA MUNICIPAL DE ALAGOINHAS";;;;;;;;;;;;;;;;;;;;;;;;;;
"Relação de Contratos";;;;;;;;;;;;;;;;;;;;;;;;;;

"ABRIL/2026";;;;;

"Contrato";;;;;;;;;;;;"Processo";;;;"Assinatura";"Situação";"Credor/Fornecedor";;;;"Vigência";;;;;;;;"Valor";;
;;;;;;;;;;;;;;;;;;;;;;"Início";;;;"Fim";;;;;;
"205-2023";;;;;;;;;;;;"12096-2023";;;;"29/11/2023";"VENCIDO";"L M BRITO TECNOLOGIA ME";;;;"29/11/2023";;;;"29/11/2024";;;;"R$ 6.000,00";;

"Gestor/Fiscal";;;;;;;;;;;;;"Nome";;;;"Unid. Orçamentária";;"Órgão";;;;;;;"Data Início";;;"Data Fim"

"Objeto:";;;;;;;;"CONTRATAÇÃO DE EMPRESA DE SOFTWARE DE GERENCIAMENTO HOTSPOTS (PONTOS DE ACESSO) DE REDE SEM FIO (WI-FI), BEM COMO FERRAMENTA DE MARKETING, COM SEGURANÇA E SUPORTE INTEGRADO, ATENDENDO AS DIRETRIZES DA LEI GERAL DE PROTEÇÃO DE DADOS PESSOAIS (LGPD) E O MARCO CIVIL DA INTERNET.";;;;;;;;;;;;;;;;;;;;
"207-2023";;;;;;;;;;;;"10529-2023";;;;"21/12/2023";"VENCIDO";"SSX SERVICO DE INTERMEDIACAO DE NEGOCIOS E APOIO ADMINISTRATIVO LTDA";;;;"21/12/2023";;;;"21/12/2024";;;;"R$ 234.000,00";;
;;;;;;;;;;;;;;;;;;;;;;;;;;;;;;;;
;;;;;;;;;;;;;;;;;;;;;;;;;;;;;;;;
"";;"Gestor/Fiscal";;;;;;;;;;;;;"Nome";;;;"Unid. Orçamentária";;"Órgão";;;;;;;"Data Início";;;"Data Fim";""
;;;;;;;;;;;;;;;;;;;;;;;;;;;;;

"Objeto:";;;;;;;;"LOCAÇÃO DO IMÓVEL PARA FUNCIONAMENTO DA SEDE DA SECRETARIA DE EDUCAÇÃO- SEDUC, SITUADO NA RUA 13 DE JUNHO, Nº 471- CENTRO- ALAGOINHAS- BAHIA, PERTECENTE À EMPRESA SSX- SERVIÇOS DE INTERMEDIAÇÃO DE NEGOCIOS E APOIO ADMINISTRATIVO LTDA.";;;;;;;;;;;;;;;;;;;;
"";;;;;;;;"";;;;;;;;;;;;;;;;;;;;

"210-2023";;;;;;;;;;;;"12507-2023";;;;"01/12/2023";"VENCIDO";"DCN ENGENHARIA, FISCALIZAÇÃO, CONSULTORIA E ASSESSORIA LTDA";;;;"01/12/2023";;;;"01/03/2024";;;;"R$ 16.380,00";;
"";;"Gestor/Fiscal";;;;;;;;;;;;;"Nome";;;;"Unid. Orçamentária";;"Órgão";;;;;;;"Data Início";;;"Data Fim";""
;;;;;;;;;;;;;;;;;;;;;;;;;;;;;

"Objeto:";;;;;;;;"CONTRATAÇÃO DE EMPRESA PARA PRESTAÇÃO DE SERVIÇOS TECNICOS ESPECIALIZADOS VISANDO A REALIZAÇÃO DE LEVANTAMENTOS TOPOGRAFICOS, ACOMPANHAMENTO E GREIDE DA ESTRADA DO FINAL DA URUBA ATE O FINAL DA LINHA DE PEDRA DE CIMA QUE DÁ ACESSO A BR 110- NO MUNICIPIO DE ALAGOINHAS - BA.";;;;;;;;;;;;;;;;;;;;
"213-2023";;;;;;;;;;;;"11831-2023";;;;"08/12/2023";"VENCIDO";"GS SERVICE COMERCIAL DE MOVEIS EIRELI";;;;"08/12/2023";;;;"08/12/2024";;;;"R$ 10.569,23";;
;;;;;;;;;;;;;;;;;;;;;;;;;;;;;;;;
;;;;;;;;;;;;;;;;;;;;;;;;;;;;;;;;

"Gestor/Fiscal";;;;;;;;;;;;;"Nome";;;;"Unid. Orçamentária";;"Órgão";;;;;;;"Data Início";;;"Data Fim"

"Objeto:";;;;;;;;"CONTRATAÇÃO DE EMPRESA PARA FORNECIMENTO E MONTAGEM DE MÓVEIS DIVERSOS, PARA ATENDER AS NECESSIDADES DA ESTRUTURA ADMINISTRATIVA DA COGER - CONTROLADORIA GERAL DO MUNICÍPIO DE ALAGOINHAS – BA";;;;;;;;;;;;;;;;;;;;
"";;;;;;;;"";;;;;;;;;;;;;;;;;;;;

"218-2023";;;;;;;;;;;;"13145-2023";;;;"12/12/2023";"VENCIDO";"A & E COMERCIO E SERVIÇOS LTDA";;;;"12/12/2023";;;;"12/04/2024";;;;"R$ 9.120,00";;

"Gestor/Fiscal";;;;;;;;;;;;;"Nome";;;;"Unid. Orçamentária";;"Órgão";;;;;;;"Data Início";;;"Data Fim"

"Objeto:";;;;;;;;"AQUISIÇÃO DE CAIXA DE SOM ATIVA, PARA SUPRIR AS DEMANDAS DO PROGRAMA MOVA-SE DESENVOLVIDAS PELA SECRETARIA DE CULTURA, ESPORTE E TURISMO DO MUNICIPIO DE ALAGOINHAS-BAHIA.";;;;;;;;;;;;;;;;;;;;
"";;;;;;;;"";;;;;;;;;;;;;;;;;;;;

"220-2023";;;;;;;;;;;;"10601-2023";;;;"14/12/2023";"VENCIDO";"MAPDATA-TECNOLOGIA,INFORMATICA E COMERCIO LTDA";;;;"14/12/2023";;;;"14/12/2024";;;;"R$ 147.899,95";;
"";;"Gestor/Fiscal";;;;;;;;;;;;;"Nome";;;;"Unid. Orçamentária";;"Órgão";;;;;;;"Data Início";;;"Data Fim";""
;;;;;;;;;;;;;;;;;;;;;;;;;;;;;

"Objeto:";;;;;;;;"FORNECIMENTO DE 11 (ONZE) LICENÇAS DO PACOTE DE SOFTWARES ARCHIECTURE ENGINEERING & CONSTRUCTION COLLETION IC NEW SINGLES – USER ELD ANNUAL SUBSCRIPTION WINW, PARA SUPRIR AS NECESSIDADES DA SECRETARIA MUNICIPAL DE INFRAESTRUTURA E PLANEJAMENTO URBANO DE ALAGOINHAS BA";;;;;;;;;;;;;;;;;;;;
;;;;;;;;;;;;;;;;;;;;;;;;;;;;
"";;;;;;;;"";;;;;;;;;;;;;;;;;;;;

"Contabilis - Desenvolvido por 3Tecnos Tecnologia  /   /       Chave do Filtro: KM4N-XALJ-MBKY-ALLJ-8D7S
SPID: 8216";;;;;;;;;;;;;;;;;;;;"";;;;;"Página 23 de 34";;;;;;;
"ESTADO DA BAHIA";;;;;;;;;;;;;;;;;"";;;;;;;;
;;;;;;;;;;;;;;;;
"PREFEITURA MUNICIPAL DE ALAGOINHAS";;;;;;;;;;;;;;;;;;;;;;;;;;
"Relação de Contratos";;;;;;;;;;;;;;;;;;;;;;;;;;

"ABRIL/2026";;;;;

"Contrato";;;;;;;;;;;;"Processo";;;;"Assinatura";"Situação";"Credor/Fornecedor";;;;"Vigência";;;;;;;;"Valor";;
;;;;;;;;;;;;;;;;;;;;;;"Início";;;;"Fim";;;;;;
"221-2023";;;;;;;;;;;;"11269-2023";;;;"14/12/2023";"VENCIDO";"G. C. BERNARDI DA SILVA - ENGENHARIA E PERÍCIA";;;;"14/12/2023";;;;"14/06/2024";;;;"R$ 7.140,00";;

"Gestor/Fiscal";;;;;;;;;;;;;"Nome";;;;"Unid. Orçamentária";;"Órgão";;;;;;;"Data Início";;;"Data Fim"

"Objeto:";;;;;;;;"CONTRATAÇÃO DE EMPRESA PARA PRESTAÇÃO DE SERVIÇOS TÉCNICOS PROFISSIONAIS DE ENGENHARIA E ARQUITETURA PARA ATIVIDADE DE AVALIAÇÃO IMOBILIÁRIA, EM CARÁTER EVENTUAL, PARA SUBSIDIAR PROCESSO LICITATÓRIO DE ALIENAÇÃO DE IMÓVEIS DA PREFEITURA MUNICIPAL DE ALAGOINHAS.";;;;;;;;;;;;;;;;;;;;
"";;;;;;;;"";;;;;;;;;;;;;;;;;;;;

"227-2023";;;;;;;;;;;;"13858-2023";;;;"26/12/2023";"VENCIDO";"MADEMOVEIS INDUSTRIA E COMERCIO DE MOVEIS EIRELI";;;;"26/12/2023";;;;"26/12/2024";;;;"R$ 17.500,00";;
"";;"Gestor/Fiscal";;;;;;;;;;;;;"Nome";;;;"Unid. Orçamentária";;"Órgão";;;;;;;"Data Início";;;"Data Fim";""
;;;;;;;;;;;;;;;;;;;;;;;;;;;;;

"Objeto:";;;;;;;;"Constitui o objeto do presente contrato a CONTRATAÇÃO DE EMPRESA ESPECIALIZADA NO FORNECIMENTO DE MÓVEIS PLANEJADOS, INCLUINDO A ENTREGA E INSTALAÇÃO, PARA MELHOR ADEQUAÇÃO DO CADASTRO ÚNICO (CADÚNICO), VINCULADO À SECRETARIA MUNICIPAL DE ASSISTENCIA SOCIAL DA PREFEITURA DE ALAGOINHAS-BA.";;;;;;;;;;;;;;;;;;;;
"229-2023";;;;;;;;;;;;"PE0076-202";;;;"22/12/2023";"VENCIDO";"NEXUS SERVICOS E EMPREENDIMENTOS LTDA";;;;"23/12/2023";;;;"23/12/2024";;;;"R$ 392.916,34";;
;;;;;;;;;;;;;;;;;;;;;;;;;;;;;;;;
;;;;;;;;;;;;;;;;;;;;;;;;;;;;;;;;

"Gestor/Fiscal";;;;;;;;;;;;;"Nome";;;;"Unid. Orçamentária";;"Órgão";;;;;;;"Data Início";;;"Data Fim"

"Objeto:";;;;;;;;"CONTRATAÇÃO DE SERVIÇOS DE MANUTENÇÃO PREVENTIVA E CORRETIVA, COM REPOSIÇÃO DE PEÇAS, RECARGA DE GÁS, REINSTALAÇÃO E INSTALAÇÃO NOVA EM AR CONDICIONADO PARA ATENDER A SECRETARIA MUNICIPAL DE EDUCAÇÃO NO MUNICIPIO DE ALAGOINHAS/BAHIA";;;;;;;;;;;;;;;;;;;;
"";;;;;;;;"";;;;;;;;;;;;;;;;;;;;

"308-2022";;;;;;;;;;;;"6650-2023";;;;"15/08/2022";"VENCIDO";"SERRAVALLE E SERRAVALLE LTDA ME";;;;"15/08/2022";;;;"15/08/2024";;;;"R$ 683.782,40";;

"Gestor/Fiscal";;;;;;;;;;;;;"Nome";;;;"Unid. Orçamentária";;"Órgão";;;;;;;"Data Início";;;"Data Fim"

"Objeto:";;;;;;;;"CONTRATAQAO DE INSTITUigcJES PRIVADAS COM OU SEM
FINS LUCRATIVOS PARA A PRESTAgAO DOS SERVigOS AUXIUARES DE DIAGNOSE E TERAPIA
(SADT)- ANALISES CLlNICAS, DE FORMA COMPLEMENTAR AO SISTEMA UNICO DE SAUDE (SUS)
NO MUNICfPIO DE ALAGOINHAS-BA.";;;;;;;;;;;;;;;;;;;;
"383-2025";;;;;;;;;;;;"cred0008-2025";;;;"17/10/2025";"VENCIDO";"FREIRE SILVA LTDA ";;;;"17/10/2025";;;;"31/12/2025";;;;"R$ 15.000,00";;
;;;;;;;;;;;;;;;;;;;;;;;;;;;;;;;;
"";;;;;;;;"";;;;;;;;;;;;;;;;;;;;

"Gestor/Fiscal";;;;;;;;;;;;;"Nome";;;;"Unid. Orçamentária";;"Órgão";;;;;;;"Data Início";;;"Data Fim"

"Objeto:";;;;;;;;"CREDENCIAMENTO PARA CONTRATAÇÃO DE EMPRESAS ESPECIALIZADAS NA PRESTAÇÃO DE SERVIÇOS DE COMUNICAÇÃO INSTITUICIONAL, COMPREENDENDO A DIVULGAÇÃO DE INFORMAÇÕES DE UTILIDADE PÚBLICA E DE INTERESSE COLETIVO, POR MEIO DOS SEGUINTES MEIOS DE COMUNICAÇÃO: RÁDIO, SISTEMA DE SOM VOLANTE, SITE DE NOTÍCIAS E OUTDOOR, COM COMPROVADA ABRANGÊNCIA NA ZONA URBANA E RURAL DO MUNICÍPIO DE ALAGOINHAS/BA E EM SUA REGIÃO CIRCUNVIZINHA";;;;;;;;;;;;;;;;;;;;
"384-2025";;;;;;;;;;;;"CRED0008-2025";;;;"17/10/2025";"VENCIDO";"A VOZ DA CIDADE PUBLICIDADES LTDA";;;;"17/10/2025";;;;"31/12/2025";;;;"R$ 15.000,00";;
;;;;;;;;;;;;;;;;;;;;;;;;;;;;;;;;
"";;;;;;;;"";;;;;;;;;;;;;;;;;;;;

"Gestor/Fiscal";;;;;;;;;;;;;"Nome";;;;"Unid. Orçamentária";;"Órgão";;;;;;;"Data Início";;;"Data Fim"

"Objeto:";;;;;;;;"CREDENCIAMENTO PARA CONTRATAÇÃO DE EMPRESAS ESPECIALIZADAS NA PRESTAÇÃO DE SERVIÇOS DE COMUNICAÇÃO INSTITUICIONAL, COMPREENDENDO A DIVULGAÇÃO DE INFORMAÇÕES DE UTILIDADE PÚBLICA E DE INTERESSE COLETIVO, POR MEIO DOS SEGUINTES MEIOS DE COMUNICAÇÃO: RÁDIO, SISTEMA DE SOM VOLANTE, SITE DE NOTÍCIAS E OUTDOOR, COM COMPROVADA ABRANGÊNCIA NA ZONA URBANA E RURAL DO MUNICÍPIO DE ALAGOINHAS/BA E EM SUA REGIÃO CIRCUNVIZINHA";;;;;;;;;;;;;;;;;;;;
;;;;;;;;;;;;;;;;;;;;;;;;;;;;
"";;;;;;;;"";;;;;;;;;;;;;;;;;;;;

"Contabilis - Desenvolvido por 3Tecnos Tecnologia  /   /       Chave do Filtro: KM4N-XALJ-MBKY-ALLJ-8D7S
SPID: 8216";;;;;;;;;;;;;;;;;;;;"";;;;;"Página 24 de 34";;;;;;;
"ESTADO DA BAHIA";;;;;;;;;;;;;;;;;"";;;;;;;;
;;;;;;;;;;;;;;;;
"PREFEITURA MUNICIPAL DE ALAGOINHAS";;;;;;;;;;;;;;;;;;;;;;;;;;
"Relação de Contratos";;;;;;;;;;;;;;;;;;;;;;;;;;

"ABRIL/2026";;;;;

"Contrato";;;;;;;;;;;;"Processo";;;;"Assinatura";"Situação";"Credor/Fornecedor";;;;"Vigência";;;;;;;;"Valor";;
;;;;;;;;;;;;;;;;;;;;;;"Início";;;;"Fim";;;;;;
"385-2025";;;;;;;;;;;;"cred0008-2025";;;;"17/10/2025";"VENCIDO";"31.051.258 HANNA LARISSA SANTANA DE JESUS";;;;"17/10/2025";;;;"31/12/2025";;;;"R$ 15.000,00";;

"Gestor/Fiscal";;;;;;;;;;;;;"Nome";;;;"Unid. Orçamentária";;"Órgão";;;;;;;"Data Início";;;"Data Fim"

"Objeto:";;;;;;;;"CREDENCIAMENTO PARA CONTRATAÇÃO DE EMPRESAS ESPECIALIZADAS NA PRESTAÇÃO DE SERVIÇOS DE COMUNICAÇÃO INSTITUICIONAL, COMPREENDENDO A DIVULGAÇÃO DE INFORMAÇÕES DE UTILIDADE PÚBLICA E DE INTERESSE COLETIVO, POR MEIO DOS SEGUINTES MEIOS DE COMUNICAÇÃO: RÁDIO, SISTEMA DE SOM VOLANTE, SITE DE NOTÍCIAS E OUTDOOR, COM COMPROVADA ABRANGÊNCIA NA ZONA URBANA E RURAL DO MUNICÍPIO DE ALAGOINHAS/BA E EM SUA REGIÃO CIRCUNVIZINHA";;;;;;;;;;;;;;;;;;;;
"386-2025";;;;;;;;;;;;"cred0008-2025";;;;"09/10/2025";"VENCIDO";"48.887.883 ADRIANA FERREIRA DA SILVA";;;;"09/10/2025";;;;"31/12/2025";;;;"R$ 15.000,00";;
;;;;;;;;;;;;;;;;;;;;;;;;;;;;;;;;
"";;;;;;;;"";;;;;;;;;;;;;;;;;;;;

"Gestor/Fiscal";;;;;;;;;;;;;"Nome";;;;"Unid. Orçamentária";;"Órgão";;;;;;;"Data Início";;;"Data Fim"

"Objeto:";;;;;;;;"CREDENCIAMENTO PARA CONTRATAÇÃO DE EMPRESAS ESPECIALIZADAS NA PRESTAÇÃO DE SERVIÇOS DE COMUNICAÇÃO INSTITUICIONAL, COMPREENDENDO A DIVULGAÇÃO DE INFORMAÇÕES DE UTILIDADE PÚBLICA E DE INTERESSE COLETIVO, POR MEIO DOS SEGUINTES MEIOS DE COMUNICAÇÃO: RÁDIO, SISTEMA DE SOM VOLANTE, SITE DE NOTÍCIAS E OUTDOOR, COM COMPROVADA ABRANGÊNCIA NA ZONA URBANA E RURAL DO MUNICÍPIO DE ALAGOINHAS/BA E EM SUA REGIÃO CIRCUNVIZINHA";;;;;;;;;;;;;;;;;;;;
"387-2025";;;;;;;;;;;;"CRED0008-2025";;;;"17/10/2025";"VENCIDO";"CAIO FILIPE SANTOS PIMENTA 06444785510";;;;"17/10/2025";;;;"31/12/2025";;;;"R$ 15.000,00";;
;;;;;;;;;;;;;;;;;;;;;;;;;;;;;;;;
"";;;;;;;;"";;;;;;;;;;;;;;;;;;;;

"Gestor/Fiscal";;;;;;;;;;;;;"Nome";;;;"Unid. Orçamentária";;"Órgão";;;;;;;"Data Início";;;"Data Fim"

"Objeto:";;;;;;;;"CREDENCIAMENTO PARA CONTRATAÇÃO DE EMPRESAS ESPECIALIZADAS NA PRESTAÇÃO DE SERVIÇOS DE COMUNICAÇÃO INSTITUICIONAL, COMPREENDENDO A DIVULGAÇÃO DE INFORMAÇÕES DE UTILIDADE PÚBLICA E DE INTERESSE COLETIVO, POR MEIO DOS SEGUINTES MEIOS DE COMUNICAÇÃO: RÁDIO, SISTEMA DE SOM VOLANTE, SITE DE NOTÍCIAS E OUTDOOR, COM COMPROVADA ABRANGÊNCIA NA ZONA URBANA E RURAL DO MUNICÍPIO DE ALAGOINHAS/BA E EM SUA REGIÃO CIRCUNVIZINHA";;;;;;;;;;;;;;;;;;;;
"388-2025";;;;;;;;;;;;"CRED0008-2025";;;;"17/10/2025";"VENCIDO";"31.410.317 CARLOS ALBERTO ALVES BOMFIM";;;;"17/10/2025";;;;"31/12/2025";;;;"R$ 15.000,00";;
;;;;;;;;;;;;;;;;;;;;;;;;;;;;;;;;
"";;;;;;;;"";;;;;;;;;;;;;;;;;;;;

"Gestor/Fiscal";;;;;;;;;;;;;"Nome";;;;"Unid. Orçamentária";;"Órgão";;;;;;;"Data Início";;;"Data Fim"

"Objeto:";;;;;;;;"CREDENCIAMENTO PARA CONTRATAÇÃO DE EMPRESAS ESPECIALIZADAS NA PRESTAÇÃO DE SERVIÇOS DE COMUNICAÇÃO INSTITUICIONAL, COMPREENDENDO A DIVULGAÇÃO DE INFORMAÇÕES DE UTILIDADE PÚBLICA E DE INTERESSE COLETIVO, POR MEIO DOS SEGUINTES MEIOS DE COMUNICAÇÃO: RÁDIO, SISTEMA DE SOM VOLANTE, SITE DE NOTÍCIAS E OUTDOOR, COM COMPROVADA ABRANGÊNCIA NA ZONA URBANA E RURAL DO MUNICÍPIO DE ALAGOINHAS/BA E EM SUA REGIÃO CIRCUNVIZINHA";;;;;;;;;;;;;;;;;;;;
"389-2025";;;;;;;;;;;;"CRED0008-2025";;;;"09/10/2025";"VENCIDO";"40.988.460 WILYAN OLIVEIRA DA SILVA";;;;"09/10/2025";;;;"31/12/2025";;;;"R$ 15.000,00";;
;;;;;;;;;;;;;;;;;;;;;;;;;;;;;;;;
"";;;;;;;;"";;;;;;;;;;;;;;;;;;;;

"Gestor/Fiscal";;;;;;;;;;;;;"Nome";;;;"Unid. Orçamentária";;"Órgão";;;;;;;"Data Início";;;"Data Fim"

"Objeto:";;;;;;;;"CREDENCIAMENTO PARA CONTRATAÇÃO DE EMPRESAS ESPECIALIZADAS NA PRESTAÇÃO DE SERVIÇOS DE COMUNICAÇÃO INSTITUICIONAL, COMPREENDENDO A DIVULGAÇÃO DE INFORMAÇÕES DE UTILIDADE PÚBLICA E DE INTERESSE COLETIVO, POR MEIO DOS SEGUINTES MEIOS DE COMUNICAÇÃO: RÁDIO, SISTEMA DE SOM VOLANTE, SITE DE NOTÍCIAS E OUTDOOR, COM COMPROVADA ABRANGÊNCIA NA ZONA URBANA E RURAL DO MUNICÍPIO DE ALAGOINHAS/BA E EM SUA REGIÃO CIRCUNVIZINHA";;;;;;;;;;;;;;;;;;;;
"390-2025";;;;;;;;;;;;"CRED0008-2025";;;;"17/10/2025";"VENCIDO";"49.069.045 DANIELA SOUZA TAVARES";;;;"17/10/2025";;;;"31/12/2025";;;;"R$ 15.000,00";;
;;;;;;;;;;;;;;;;;;;;;;;;;;;;;;;;
"";;;;;;;;"";;;;;;;;;;;;;;;;;;;;

"Gestor/Fiscal";;;;;;;;;;;;;"Nome";;;;"Unid. Orçamentária";;"Órgão";;;;;;;"Data Início";;;"Data Fim"

"Objeto:";;;;;;;;"CREDENCIAMENTO PARA CONTRATAÇÃO DE EMPRESAS ESPECIALIZADAS NA PRESTAÇÃO DE SERVIÇOS DE COMUNICAÇÃO INSTITUICIONAL, COMPREENDENDO A DIVULGAÇÃO DE INFORMAÇÕES DE UTILIDADE PÚBLICA E DE INTERESSE COLETIVO, POR MEIO DOS SEGUINTES MEIOS DE COMUNICAÇÃO: RÁDIO, SISTEMA DE SOM VOLANTE, SITE DE NOTÍCIAS E OUTDOOR, COM COMPROVADA ABRANGÊNCIA NA ZONA URBANA E RURAL DO MUNICÍPIO DE ALAGOINHAS/BA E EM SUA REGIÃO CIRCUNVIZINHA";;;;;;;;;;;;;;;;;;;;
;;;;;;;;;;;;;;;;;;;;;;;;;;;;
"";;;;;;;;"";;;;;;;;;;;;;;;;;;;;

"Contabilis - Desenvolvido por 3Tecnos Tecnologia  /   /       Chave do Filtro: KM4N-XALJ-MBKY-ALLJ-8D7S
SPID: 8216";;;;;;;;;;;;;;;;;;;;"";;;;;"Página 25 de 34";;;;;;;
"ESTADO DA BAHIA";;;;;;;;;;;;;;;;;"";;;;;;;;
;;;;;;;;;;;;;;;;
"PREFEITURA MUNICIPAL DE ALAGOINHAS";;;;;;;;;;;;;;;;;;;;;;;;;;
"Relação de Contratos";;;;;;;;;;;;;;;;;;;;;;;;;;

"ABRIL/2026";;;;;

"Contrato";;;;;;;;;;;;"Processo";;;;"Assinatura";"Situação";"Credor/Fornecedor";;;;"Vigência";;;;;;;;"Valor";;
;;;;;;;;;;;;;;;;;;;;;;"Início";;;;"Fim";;;;;;
"391-2025";;;;;;;;;;;;"CRED0008-2025";;;;"17/10/2025";"VENCIDO";"LUCIANO REIS DE ALMEIDA 82445060591";;;;"17/10/2025";;;;"31/12/2025";;;;"R$ 15.000,00";;

"Gestor/Fiscal";;;;;;;;;;;;;"Nome";;;;"Unid. Orçamentária";;"Órgão";;;;;;;"Data Início";;;"Data Fim"

"Objeto:";;;;;;;;"CREDENCIAMENTO PARA CONTRATAÇÃO DE EMPRESAS ESPECIALIZADAS NA PRESTAÇÃO DE SERVIÇOS DE COMUNICAÇÃO INSTITUICIONAL, COMPREENDENDO A DIVULGAÇÃO DE INFORMAÇÕES DE UTILIDADE PÚBLICA E DE INTERESSE COLETIVO, POR MEIO DOS SEGUINTES MEIOS DE COMUNICAÇÃO: RÁDIO, SISTEMA DE SOM VOLANTE, SITE DE NOTÍCIAS E OUTDOOR, COM COMPROVADA ABRANGÊNCIA NA ZONA URBANA E RURAL DO MUNICÍPIO DE ALAGOINHAS/BA E EM SUA REGIÃO CIRCUNVIZINHA";;;;;;;;;;;;;;;;;;;;
"392-2025";;;;;;;;;;;;"CRED0008-2025";;;;"17/10/2025";"VENCIDO";"28.739.901 JAIR LISBOA SANTOS";;;;"17/10/2025";;;;"31/12/2025";;;;"R$ 15.000,00";;
;;;;;;;;;;;;;;;;;;;;;;;;;;;;;;;;
"";;;;;;;;"";;;;;;;;;;;;;;;;;;;;

"Gestor/Fiscal";;;;;;;;;;;;;"Nome";;;;"Unid. Orçamentária";;"Órgão";;;;;;;"Data Início";;;"Data Fim"

"Objeto:";;;;;;;;"CREDENCIAMENTO PARA CONTRATAÇÃO DE EMPRESAS ESPECIALIZADAS NA PRESTAÇÃO DE SERVIÇOS DE COMUNICAÇÃO INSTITUICIONAL, COMPREENDENDO A DIVULGAÇÃO DE INFORMAÇÕES DE UTILIDADE PÚBLICA E DE INTERESSE COLETIVO, POR MEIO DOS SEGUINTES MEIOS DE COMUNICAÇÃO: RÁDIO, SISTEMA DE SOM VOLANTE, SITE DE NOTÍCIAS E OUTDOOR, COM COMPROVADA ABRANGÊNCIA NA ZONA URBANA E RURAL DO MUNICÍPIO DE ALAGOINHAS/BA E EM SUA REGIÃO CIRCUNVIZINHA";;;;;;;;;;;;;;;;;;;;
"393-2025";;;;;;;;;;;;"CRED0008-2025";;;;"17/10/2025";"VENCIDO";"MARCIO MOUTINHO GONCALVES RAMOS 08111288735";;;;"17/10/2025";;;;"31/12/2025";;;;"R$ 15.000,00";;
;;;;;;;;;;;;;;;;;;;;;;;;;;;;;;;;
;;;;;;;;;;;;;;;;;;;;;;;;;;;;;;;;
"";;"Gestor/Fiscal";;;;;;;;;;;;;"Nome";;;;"Unid. Orçamentária";;"Órgão";;;;;;;"Data Início";;;"Data Fim";""
;;;;;;;;;;;;;;;;;;;;;;;;;;;;;

"Objeto:";;;;;;;;"CREDENCIAMENTO PARA CONTRATAÇÃO DE EMPRESAS ESPECIALIZADAS NA PRESTAÇÃO DE SERVIÇOS DE COMUNICAÇÃO INSTITUICIONAL, COMPREENDENDO A DIVULGAÇÃO DE INFORMAÇÕES DE UTILIDADE PÚBLICA E DE INTERESSE COLETIVO, POR MEIO DOS SEGUINTES MEIOS DE COMUNICAÇÃO: RÁDIO, SISTEMA DE SOM VOLANTE, SITE DE NOTÍCIAS E OUTDOOR, COM COMPROVADA ABRANGÊNCIA NA ZONA URBANA E RURAL DO MUNICÍPIO DE ALAGOINHAS/BA E EM SUA REGIÃO CIRCUNVIZINHA";;;;;;;;;;;;;;;;;;;;
"394-2025";;;;;;;;;;;;"CRED0008-2025";;;;"17/10/2025";"VENCIDO";"62.017.676 RAFAEL TANAN DA SILVA";;;;"17/10/2025";;;;"31/12/2025";;;;"R$ 15.000,00";;
;;;;;;;;;;;;;;;;;;;;;;;;;;;;;;;;
"";;;;;;;;"";;;;;;;;;;;;;;;;;;;;

"Gestor/Fiscal";;;;;;;;;;;;;"Nome";;;;"Unid. Orçamentária";;"Órgão";;;;;;;"Data Início";;;"Data Fim"

"Objeto:";;;;;;;;"CREDENCIAMENTO PARA CONTRATAÇÃO DE EMPRESAS ESPECIALIZADAS NA PRESTAÇÃO DE SERVIÇOS DE COMUNICAÇÃO INSTITUICIONAL, COMPREENDENDO A DIVULGAÇÃO DE INFORMAÇÕES DE UTILIDADE PÚBLICA E DE INTERESSE COLETIVO, POR MEIO DOS SEGUINTES MEIOS DE COMUNICAÇÃO: RÁDIO, SISTEMA DE SOM VOLANTE, SITE DE NOTÍCIAS E OUTDOOR, COM COMPROVADA ABRANGÊNCIA NA ZONA URBANA E RURAL DO MUNICÍPIO DE ALAGOINHAS/BA E EM SUA REGIÃO CIRCUNVIZINHA";;;;;;;;;;;;;;;;;;;;
"395-2025";;;;;;;;;;;;"CRED0008-2025";;;;"10/10/2025";"VENCIDO";"59.962.496 ANDRE DALLAGNOL VIEIRA";;;;"10/10/2025";;;;"31/12/2025";;;;"R$ 15.000,00";;
;;;;;;;;;;;;;;;;;;;;;;;;;;;;;;;;
"";;;;;;;;"";;;;;;;;;;;;;;;;;;;;

"Gestor/Fiscal";;;;;;;;;;;;;"Nome";;;;"Unid. Orçamentária";;"Órgão";;;;;;;"Data Início";;;"Data Fim"

"Objeto:";;;;;;;;"CREDENCIAMENTO PARA CONTRATAÇÃO DE EMPRESAS ESPECIALIZADAS NA PRESTAÇÃO DE SERVIÇOS DE COMUNICAÇÃO INSTITUICIONAL, COMPREENDENDO A DIVULGAÇÃO DE INFORMAÇÕES DE UTILIDADE PÚBLICA E DE INTERESSE COLETIVO, POR MEIO DOS SEGUINTES MEIOS DE COMUNICAÇÃO: RÁDIO, SISTEMA DE SOM VOLANTE, SITE DE NOTÍCIAS E OUTDOOR, COM COMPROVADA ABRANGÊNCIA NA ZONA URBANA E RURAL DO MUNICÍPIO DE ALAGOINHAS/BA E EM SUA REGIÃO CIRCUNVIZINHA";;;;;;;;;;;;;;;;;;;;
"396-2025";;;;;;;;;;;;"CRED0008-2025";;;;"09/10/2025";"VENCIDO";"MIDIA E CONTEUDO PUBLICIDADE DIGITAL LTDA";;;;"09/10/2025";;;;"31/12/2025";;;;"R$ 15.000,00";;
;;;;;;;;;;;;;;;;;;;;;;;;;;;;;;;;
"";;;;;;;;"";;;;;;;;;;;;;;;;;;;;

"Gestor/Fiscal";;;;;;;;;;;;;"Nome";;;;"Unid. Orçamentária";;"Órgão";;;;;;;"Data Início";;;"Data Fim"

"Objeto:";;;;;;;;"CREDENCIAMENTO PARA CONTRATAÇÃO DE EMPRESAS ESPECIALIZADAS NA PRESTAÇÃO DE SERVIÇOS DE COMUNICAÇÃO INSTITUICIONAL, COMPREENDENDO A DIVULGAÇÃO DE INFORMAÇÕES DE UTILIDADE PÚBLICA E DE INTERESSE COLETIVO, POR MEIO DOS SEGUINTES MEIOS DE COMUNICAÇÃO: RÁDIO, SISTEMA DE SOM VOLANTE, SITE DE NOTÍCIAS E OUTDOOR, COM COMPROVADA ABRANGÊNCIA NA ZONA URBANA E RURAL DO MUNICÍPIO DE ALAGOINHAS/BA E EM SUA REGIÃO CIRCUNVIZINHA";;;;;;;;;;;;;;;;;;;;
;;;;;;;;;;;;;;;;;;;;;;;;;;;;
"";;;;;;;;"";;;;;;;;;;;;;;;;;;;;

"Contabilis - Desenvolvido por 3Tecnos Tecnologia  /   /       Chave do Filtro: KM4N-XALJ-MBKY-ALLJ-8D7S
SPID: 8216";;;;;;;;;;;;;;;;;;;;"";;;;;"Página 26 de 34";;;;;;;
"ESTADO DA BAHIA";;;;;;;;;;;;;;;;;"";;;;;;;;
;;;;;;;;;;;;;;;;
"PREFEITURA MUNICIPAL DE ALAGOINHAS";;;;;;;;;;;;;;;;;;;;;;;;;;
"Relação de Contratos";;;;;;;;;;;;;;;;;;;;;;;;;;

"ABRIL/2026";;;;;

"Contrato";;;;;;;;;;;;"Processo";;;;"Assinatura";"Situação";"Credor/Fornecedor";;;;"Vigência";;;;;;;;"Valor";;
;;;;;;;;;;;;;;;;;;;;;;"Início";;;;"Fim";;;;;;
"397-2025";;;;;;;;;;;;"CRED0008-2025";;;;"17/10/2025";"VENCIDO";"RODRIGO PIRES RATTES 07393923602";;;;"17/10/2025";;;;"31/12/2025";;;;"R$ 15.000,00";;

"Gestor/Fiscal";;;;;;;;;;;;;"Nome";;;;"Unid. Orçamentária";;"Órgão";;;;;;;"Data Início";;;"Data Fim"

"Objeto:";;;;;;;;"CREDENCIAMENTO PARA CONTRATAÇÃO DE EMPRESAS ESPECIALIZADAS NA PRESTAÇÃO DE SERVIÇOS DE COMUNICAÇÃO INSTITUICIONAL, COMPREENDENDO A DIVULGAÇÃO DE INFORMAÇÕES DE UTILIDADE PÚBLICA E DE INTERESSE COLETIVO, POR MEIO DOS SEGUINTES MEIOS DE COMUNICAÇÃO: RÁDIO, SISTEMA DE SOM VOLANTE, SITE DE NOTÍCIAS E OUTDOOR, COM COMPROVADA ABRANGÊNCIA NA ZONA URBANA E RURAL DO MUNICÍPIO DE ALAGOINHAS/BA E EM SUA REGIÃO CIRCUNVIZINHA";;;;;;;;;;;;;;;;;;;;
"398-2025";;;;;;;;;;;;"CRED0008-2025";;;;"17/10/2025";"VENCIDO";"NOVO TEMPO ACESSO DE REDES COMUNICACOES E SERVICOS LTDA";;;;"17/10/2025";;;;"31/12/2025";;;;"R$ 15.000,00";;
;;;;;;;;;;;;;;;;;;;;;;;;;;;;;;;;
;;;;;;;;;;;;;;;;;;;;;;;;;;;;;;;;
"";;"Gestor/Fiscal";;;;;;;;;;;;;"Nome";;;;"Unid. Orçamentária";;"Órgão";;;;;;;"Data Início";;;"Data Fim";""
;;;;;;;;;;;;;;;;;;;;;;;;;;;;;

"Objeto:";;;;;;;;"CREDENCIAMENTO PARA CONTRATAÇÃO DE EMPRESAS ESPECIALIZADAS NA PRESTAÇÃO DE SERVIÇOS DE COMUNICAÇÃO INSTITUICIONAL, COMPREENDENDO A DIVULGAÇÃO DE INFORMAÇÕES DE UTILIDADE PÚBLICA E DE INTERESSE COLETIVO, POR MEIO DOS SEGUINTES MEIOS DE COMUNICAÇÃO: RÁDIO, SISTEMA DE SOM VOLANTE, SITE DE NOTÍCIAS E OUTDOOR, COM COMPROVADA ABRANGÊNCIA NA ZONA URBANA E RURAL DO MUNICÍPIO DE ALAGOINHAS/BA E EM SUA REGIÃO CIRCUNVIZINHA";;;;;;;;;;;;;;;;;;;;
"399-2025";;;;;;;;;;;;"CRED0008-2025";;;;"17/10/2025";"VENCIDO";"JOSE CARLOS BISPO DOS SANTOS 06188344514";;;;"17/10/2025";;;;"31/12/2025";;;;"R$ 15.000,00";;
;;;;;;;;;;;;;;;;;;;;;;;;;;;;;;;;
"";;;;;;;;"";;;;;;;;;;;;;;;;;;;;

"Gestor/Fiscal";;;;;;;;;;;;;"Nome";;;;"Unid. Orçamentária";;"Órgão";;;;;;;"Data Início";;;"Data Fim"

"Objeto:";;;;;;;;"CREDENCIAMENTO PARA CONTRATAÇÃO DE EMPRESAS ESPECIALIZADAS NA PRESTAÇÃO DE SERVIÇOS DE COMUNICAÇÃO INSTITUICIONAL, COMPREENDENDO A DIVULGAÇÃO DE INFORMAÇÕES DE UTILIDADE PÚBLICA E DE INTERESSE COLETIVO, POR MEIO DOS SEGUINTES MEIOS DE COMUNICAÇÃO: RÁDIO, SISTEMA DE SOM VOLANTE, SITE DE NOTÍCIAS E OUTDOOR, COM COMPROVADA ABRANGÊNCIA NA ZONA URBANA E RURAL DO MUNICÍPIO DE ALAGOINHAS/BA E EM SUA REGIÃO CIRCUNVIZINHA";;;;;;;;;;;;;;;;;;;;
"400-2025";;;;;;;;;;;;"CRED0008-2025";;;;"17/10/2025";"VENCIDO";"55.795.555 ICARO PEREIRA SILVA";;;;"17/10/2025";;;;"31/12/2025";;;;"R$ 15.000,00";;
;;;;;;;;;;;;;;;;;;;;;;;;;;;;;;;;
"";;;;;;;;"";;;;;;;;;;;;;;;;;;;;

"Gestor/Fiscal";;;;;;;;;;;;;"Nome";;;;"Unid. Orçamentária";;"Órgão";;;;;;;"Data Início";;;"Data Fim"

"Objeto:";;;;;;;;"CREDENCIAMENTO PARA CONTRATAÇÃO DE EMPRESAS ESPECIALIZADAS NA PRESTAÇÃO DE SERVIÇOS DE COMUNICAÇÃO INSTITUICIONAL, COMPREENDENDO A DIVULGAÇÃO DE INFORMAÇÕES DE UTILIDADE PÚBLICA E DE INTERESSE COLETIVO, POR MEIO DOS SEGUINTES MEIOS DE COMUNICAÇÃO: RÁDIO, SISTEMA DE SOM VOLANTE, SITE DE NOTÍCIAS E OUTDOOR, COM COMPROVADA ABRANGÊNCIA NA ZONA URBANA E RURAL DO MUNICÍPIO DE ALAGOINHAS/BA E EM SUA REGIÃO CIRCUNVIZINHA";;;;;;;;;;;;;;;;;;;;
"401-2025";;;;;;;;;;;;"CRED0008-2025";;;;"17/10/2025";"VENCIDO";"EDINALVA DOS SANTOS ANDRADE";;;;"17/10/2025";;;;"31/12/2025";;;;"R$ 15.000,00";;
;;;;;;;;;;;;;;;;;;;;;;;;;;;;;;;;
"";;;;;;;;"";;;;;;;;;;;;;;;;;;;;

"Gestor/Fiscal";;;;;;;;;;;;;"Nome";;;;"Unid. Orçamentária";;"Órgão";;;;;;;"Data Início";;;"Data Fim"

"Objeto:";;;;;;;;"CREDENCIAMENTO PARA CONTRATAÇÃO DE EMPRESAS ESPECIALIZADAS NA PRESTAÇÃO DE SERVIÇOS DE COMUNICAÇÃO INSTITUICIONAL, COMPREENDENDO A DIVULGAÇÃO DE INFORMAÇÕES DE UTILIDADE PÚBLICA E DE INTERESSE COLETIVO, POR MEIO DOS SEGUINTES MEIOS DE COMUNICAÇÃO: RÁDIO, SISTEMA DE SOM VOLANTE, SITE DE NOTÍCIAS E OUTDOOR, COM COMPROVADA ABRANGÊNCIA NA ZONA URBANA E RURAL DO MUNICÍPIO DE ALAGOINHAS/BA E EM SUA REGIÃO CIRCUNVIZINHA";;;;;;;;;;;;;;;;;;;;
"402-2025";;;;;;;;;;;;"CRED0008-2025";;;;"17/10/2025";"VENCIDO";"EDMILSON PEREIRA DOS SANTOS PUBLICIDADE";;;;"17/10/2025";;;;"31/12/2025";;;;"R$ 15.000,00";;
;;;;;;;;;;;;;;;;;;;;;;;;;;;;;;;;
"";;;;;;;;"";;;;;;;;;;;;;;;;;;;;

"Gestor/Fiscal";;;;;;;;;;;;;"Nome";;;;"Unid. Orçamentária";;"Órgão";;;;;;;"Data Início";;;"Data Fim"

"Objeto:";;;;;;;;"CREDENCIAMENTO PARA CONTRATAÇÃO DE EMPRESAS ESPECIALIZADAS NA PRESTAÇÃO DE SERVIÇOS DE COMUNICAÇÃO INSTITUICIONAL, COMPREENDENDO A DIVULGAÇÃO DE INFORMAÇÕES DE UTILIDADE PÚBLICA E DE INTERESSE COLETIVO, POR MEIO DOS SEGUINTES MEIOS DE COMUNICAÇÃO: RÁDIO, SISTEMA DE SOM VOLANTE, SITE DE NOTÍCIAS E OUTDOOR, COM COMPROVADA ABRANGÊNCIA NA ZONA URBANA E RURAL DO MUNICÍPIO DE ALAGOINHAS/BA E EM SUA REGIÃO CIRCUNVIZINHA";;;;;;;;;;;;;;;;;;;;
;;;;;;;;;;;;;;;;;;;;;;;;;;;;
"";;;;;;;;"";;;;;;;;;;;;;;;;;;;;

"Contabilis - Desenvolvido por 3Tecnos Tecnologia  /   /       Chave do Filtro: KM4N-XALJ-MBKY-ALLJ-8D7S
SPID: 8216";;;;;;;;;;;;;;;;;;;;"";;;;;"Página 27 de 34";;;;;;;
"ESTADO DA BAHIA";;;;;;;;;;;;;;;;;"";;;;;;;;
;;;;;;;;;;;;;;;;
"PREFEITURA MUNICIPAL DE ALAGOINHAS";;;;;;;;;;;;;;;;;;;;;;;;;;
"Relação de Contratos";;;;;;;;;;;;;;;;;;;;;;;;;;

"ABRIL/2026";;;;;

"Contrato";;;;;;;;;;;;"Processo";;;;"Assinatura";"Situação";"Credor/Fornecedor";;;;"Vigência";;;;;;;;"Valor";;
;;;;;;;;;;;;;;;;;;;;;;"Início";;;;"Fim";;;;;;
"403-2025";;;;;;;;;;;;"CRED0008-2025";;;;"17/10/2025";"VENCIDO";"JOSE VANDERLEY DA SILVA SOARES";;;;"17/10/2025";;;;"31/12/2025";;;;"R$ 15.000,00";;

"Gestor/Fiscal";;;;;;;;;;;;;"Nome";;;;"Unid. Orçamentária";;"Órgão";;;;;;;"Data Início";;;"Data Fim"

"Objeto:";;;;;;;;"CREDENCIAMENTO PARA CONTRATAÇÃO DE EMPRESAS ESPECIALIZADAS NA PRESTAÇÃO DE SERVIÇOS DE COMUNICAÇÃO INSTITUICIONAL, COMPREENDENDO A DIVULGAÇÃO DE INFORMAÇÕES DE UTILIDADE PÚBLICA E DE INTERESSE COLETIVO, POR MEIO DOS SEGUINTES MEIOS DE COMUNICAÇÃO: RÁDIO, SISTEMA DE SOM VOLANTE, SITE DE NOTÍCIAS E OUTDOOR, COM COMPROVADA ABRANGÊNCIA NA ZONA URBANA E RURAL DO MUNICÍPIO DE ALAGOINHAS/BA E EM SUA REGIÃO CIRCUNVIZINHA";;;;;;;;;;;;;;;;;;;;
"404-2025";;;;;;;;;;;;"CRED0008-2025";;;;"09/10/2025";"VENCIDO";"ALTAMIRANDO DE LIMA 19423314520";;;;"09/10/2025";;;;"31/12/2025";;;;"R$ 15.000,00";;
;;;;;;;;;;;;;;;;;;;;;;;;;;;;;;;;
"";;;;;;;;"";;;;;;;;;;;;;;;;;;;;

"Gestor/Fiscal";;;;;;;;;;;;;"Nome";;;;"Unid. Orçamentária";;"Órgão";;;;;;;"Data Início";;;"Data Fim"

"Objeto:";;;;;;;;"CREDENCIAMENTO PARA CONTRATAÇÃO DE EMPRESAS ESPECIALIZADAS NA PRESTAÇÃO DE SERVIÇOS DE COMUNICAÇÃO INSTITUICIONAL, COMPREENDENDO A DIVULGAÇÃO DE INFORMAÇÕES DE UTILIDADE PÚBLICA E DE INTERESSE COLETIVO, POR MEIO DOS SEGUINTES MEIOS DE COMUNICAÇÃO: RÁDIO, SISTEMA DE SOM VOLANTE, SITE DE NOTÍCIAS E OUTDOOR, COM COMPROVADA ABRANGÊNCIA NA ZONA URBANA E RURAL DO MUNICÍPIO DE ALAGOINHAS/BA E EM SUA REGIÃO CIRCUNVIZINHA";;;;;;;;;;;;;;;;;;;;
"405-2025";;;;;;;;;;;;"CRED0008-2025";;;;"17/10/2025";"VENCIDO";"30.850.666 PATRICIA FRANCA DOS SANTOS";;;;"17/10/2025";;;;"31/12/2025";;;;"R$ 15.000,00";;
;;;;;;;;;;;;;;;;;;;;;;;;;;;;;;;;
"";;;;;;;;"";;;;;;;;;;;;;;;;;;;;

"Gestor/Fiscal";;;;;;;;;;;;;"Nome";;;;"Unid. Orçamentária";;"Órgão";;;;;;;"Data Início";;;"Data Fim"

"Objeto:";;;;;;;;"CREDENCIAMENTO PARA CONTRATAÇÃO DE EMPRESAS ESPECIALIZADAS NA PRESTAÇÃO DE SERVIÇOS DE COMUNICAÇÃO INSTITUICIONAL, COMPREENDENDO A DIVULGAÇÃO DE INFORMAÇÕES DE UTILIDADE PÚBLICA E DE INTERESSE COLETIVO, POR MEIO DOS SEGUINTES MEIOS DE COMUNICAÇÃO: RÁDIO, SISTEMA DE SOM VOLANTE, SITE DE NOTÍCIAS E OUTDOOR, COM COMPROVADA ABRANGÊNCIA NA ZONA URBANA E RURAL DO MUNICÍPIO DE ALAGOINHAS/BA E EM SUA REGIÃO CIRCUNVIZINHA";;;;;;;;;;;;;;;;;;;;
"406-2025";;;;;;;;;;;;"CRED0008-2025";;;;"17/10/2025";"VENCIDO";"49.893.896 SILVESTRE BISPO DOS SANTOS";;;;"17/10/2025";;;;"31/12/2025";;;;"R$ 15.000,00";;
;;;;;;;;;;;;;;;;;;;;;;;;;;;;;;;;
"";;;;;;;;"";;;;;;;;;;;;;;;;;;;;

"Gestor/Fiscal";;;;;;;;;;;;;"Nome";;;;"Unid. Orçamentária";;"Órgão";;;;;;;"Data Início";;;"Data Fim"

"Objeto:";;;;;;;;"CREDENCIAMENTO PARA CONTRATAÇÃO DE EMPRESAS ESPECIALIZADAS NA PRESTAÇÃO DE SERVIÇOS DE COMUNICAÇÃO INSTITUICIONAL, COMPREENDENDO A DIVULGAÇÃO DE INFORMAÇÕES DE UTILIDADE PÚBLICA E DE INTERESSE COLETIVO, POR MEIO DOS SEGUINTES MEIOS DE COMUNICAÇÃO: RÁDIO, SISTEMA DE SOM VOLANTE, SITE DE NOTÍCIAS E OUTDOOR, COM COMPROVADA ABRANGÊNCIA NA ZONA URBANA E RURAL DO MUNICÍPIO DE ALAGOINHAS/BA E EM SUA REGIÃO CIRCUNVIZINHA";;;;;;;;;;;;;;;;;;;;
"407-2025";;;;;;;;;;;;"CRED0008-2025";;;;"17/10/2025";"VENCIDO";"MAJOLLO PRODUCOES E EVENTOS LTDA";;;;"17/10/2025";;;;"31/12/2025";;;;"R$ 15.000,00";;
;;;;;;;;;;;;;;;;;;;;;;;;;;;;;;;;
"";;;;;;;;"";;;;;;;;;;;;;;;;;;;;

"Gestor/Fiscal";;;;;;;;;;;;;"Nome";;;;"Unid. Orçamentária";;"Órgão";;;;;;;"Data Início";;;"Data Fim"

"Objeto:";;;;;;;;"CREDENCIAMENTO PARA CONTRATAÇÃO DE EMPRESAS ESPECIALIZADAS NA PRESTAÇÃO DE SERVIÇOS DE COMUNICAÇÃO INSTITUICIONAL, COMPREENDENDO A DIVULGAÇÃO DE INFORMAÇÕES DE UTILIDADE PÚBLICA E DE INTERESSE COLETIVO, POR MEIO DOS SEGUINTES MEIOS DE COMUNICAÇÃO: RÁDIO, SISTEMA DE SOM VOLANTE, SITE DE NOTÍCIAS E OUTDOOR, COM COMPROVADA ABRANGÊNCIA NA ZONA URBANA E RURAL DO MUNICÍPIO DE ALAGOINHAS/BA E EM SUA REGIÃO CIRCUNVIZINHA";;;;;;;;;;;;;;;;;;;;
"408-2025";;;;;;;;;;;;"CRED0008-2025";;;;"17/10/2025";"VENCIDO";"61.661.745 JAMILE BRITO DE SOUZA";;;;"17/10/2025";;;;"31/12/2025";;;;"R$ 15.000,00";;
;;;;;;;;;;;;;;;;;;;;;;;;;;;;;;;;
"";;;;;;;;"";;;;;;;;;;;;;;;;;;;;

"Gestor/Fiscal";;;;;;;;;;;;;"Nome";;;;"Unid. Orçamentária";;"Órgão";;;;;;;"Data Início";;;"Data Fim"

"Objeto:";;;;;;;;"CREDENCIAMENTO PARA CONTRATAÇÃO DE EMPRESAS ESPECIALIZADAS NA PRESTAÇÃO DE SERVIÇOS DE COMUNICAÇÃO INSTITUICIONAL, COMPREENDENDO A DIVULGAÇÃO DE INFORMAÇÕES DE UTILIDADE PÚBLICA E DE INTERESSE COLETIVO, POR MEIO DOS SEGUINTES MEIOS DE COMUNICAÇÃO: RÁDIO, SISTEMA DE SOM VOLANTE, SITE DE NOTÍCIAS E OUTDOOR, COM COMPROVADA ABRANGÊNCIA NA ZONA URBANA E RURAL DO MUNICÍPIO DE ALAGOINHAS/BA E EM SUA REGIÃO CIRCUNVIZINHA";;;;;;;;;;;;;;;;;;;;
;;;;;;;;;;;;;;;;;;;;;;;;;;;;
"";;;;;;;;"";;;;;;;;;;;;;;;;;;;;

"Contabilis - Desenvolvido por 3Tecnos Tecnologia  /   /       Chave do Filtro: KM4N-XALJ-MBKY-ALLJ-8D7S
SPID: 8216";;;;;;;;;;;;;;;;;;;;"";;;;;"Página 28 de 34";;;;;;;
"ESTADO DA BAHIA";;;;;;;;;;;;;;;;;"";;;;;;;;
;;;;;;;;;;;;;;;;
"PREFEITURA MUNICIPAL DE ALAGOINHAS";;;;;;;;;;;;;;;;;;;;;;;;;;
"Relação de Contratos";;;;;;;;;;;;;;;;;;;;;;;;;;

"ABRIL/2026";;;;;

"Contrato";;;;;;;;;;;;"Processo";;;;"Assinatura";"Situação";"Credor/Fornecedor";;;;"Vigência";;;;;;;;"Valor";;
;;;;;;;;;;;;;;;;;;;;;;"Início";;;;"Fim";;;;;;
"409";;;;;;;;;;;;"CRED0008-2025";;;;"17/10/2025";"VENCIDO";"60.843.415 GLEIDSON SILVA SANTANA";;;;"17/10/2025";;;;"31/12/2025";;;;"R$ 15.000,00";;

"Gestor/Fiscal";;;;;;;;;;;;;"Nome";;;;"Unid. Orçamentária";;"Órgão";;;;;;;"Data Início";;;"Data Fim"

"Objeto:";;;;;;;;"CREDENCIAMENTO PARA CONTRATAÇÃO DE EMPRESAS ESPECIALIZADAS NA PRESTAÇÃO DE SERVIÇOS DE COMUNICAÇÃO INSTITUICIONAL, COMPREENDENDO A DIVULGAÇÃO DE INFORMAÇÕES DE UTILIDADE PÚBLICA E DE INTERESSE COLETIVO, POR MEIO DOS SEGUINTES MEIOS DE COMUNICAÇÃO: RÁDIO, SISTEMA DE SOM VOLANTE, SITE DE NOTÍCIAS E OUTDOOR, COM COMPROVADA ABRANGÊNCIA NA ZONA URBANA E RURAL DO MUNICÍPIO DE ALAGOINHAS/BA E EM SUA REGIÃO CIRCUNVIZINHA,";;;;;;;;;;;;;;;;;;;;
"410-2025";;;;;;;;;;;;"CRED0008-2025";;;;"17/10/2025";"VENCIDO";"SE LIGA ALAGOINHAS LTDA";;;;"17/10/2025";;;;"31/12/2025";;;;"R$ 15.000,00";;
;;;;;;;;;;;;;;;;;;;;;;;;;;;;;;;;
"";;;;;;;;"";;;;;;;;;;;;;;;;;;;;

"Gestor/Fiscal";;;;;;;;;;;;;"Nome";;;;"Unid. Orçamentária";;"Órgão";;;;;;;"Data Início";;;"Data Fim"

"Objeto:";;;;;;;;"CREDENCIAMENTO PARA CONTRATAÇÃO DE EMPRESAS ESPECIALIZADAS NA PRESTAÇÃO DE SERVIÇOS DE COMUNICAÇÃO INSTITUICIONAL, COMPREENDENDO A DIVULGAÇÃO DE INFORMAÇÕES DE UTILIDADE PÚBLICA E DE INTERESSE COLETIVO, POR MEIO DOS SEGUINTES MEIOS DE COMUNICAÇÃO: RÁDIO, SISTEMA DE SOM VOLANTE, SITE DE NOTÍCIAS E OUTDOOR, COM COMPROVADA ABRANGÊNCIA NA ZONA URBANA E RURAL DO MUNICÍPIO DE ALAGOINHAS/BA E EM SUA REGIÃO CIRCUNVIZINHA";;;;;;;;;;;;;;;;;;;;
"411-2025";;;;;;;;;;;;"008";;;;"17/10/2025";"VENCIDO";"GSR PSICOLOGIA LTDA";;;;"17/10/2025";;;;"31/12/2025";;;;"R$ 15.000,00";;
;;;;;;;;;;;;;;;;;;;;;;;;;;;;;;;;
"";;;;;;;;"";;;;;;;;;;;;;;;;;;;;

"Gestor/Fiscal";;;;;;;;;;;;;"Nome";;;;"Unid. Orçamentária";;"Órgão";;;;;;;"Data Início";;;"Data Fim"

"Objeto:";;;;;;;;"CREDENCIAMENTO PARA CONTRATAO DE EMPRESAS ESPECIALIZADAS NA PRESTAÇÃO DE  SERVIGOS DE COMUNICAGAO DE COMUNICAÇÃO INSTITUICIONAL, COMPREENDENDO A DIVULGAGAO DE INFORMAGOES DE UTILIDADE PUBLICA E DE INTERESSE COLETIVO, POR MEIO DOS SEGUINTES MEIOS DE COMUNICAGAO: RADIO, SISTEMA DE SOM VOLANTE, SITE DE NOTICIAS E OUTDOOR, COM COMPROVADA ABRANGENCIA NA ZONA URBANA E RURAL DO MUNICIPIO DE ALAGOINHAS/BA E EM SUA REGIAO CIRCUNVIZINHA";;;;;;;;;;;;;;;;;;;;
"412-2025";;;;;;;;;;;;"008";;;;"17/10/2025";"VENCIDO";"32.140.893 CARLOS DANIEL LIMA PEREIRA";;;;"17/10/2025";;;;"31/12/2025";;;;"R$ 15.000,00";;
;;;;;;;;;;;;;;;;;;;;;;;;;;;;;;;;
"";;;;;;;;"";;;;;;;;;;;;;;;;;;;;

"Gestor/Fiscal";;;;;;;;;;;;;"Nome";;;;"Unid. Orçamentária";;"Órgão";;;;;;;"Data Início";;;"Data Fim"

"Objeto:";;;;;;;;"CREDENCIAMENTO PARA CONTRATAÇÃO DE EMPRESAS ESPECIALIZADAS NA PRESTAÇÃO DE SERVIÇOS DE COMUNICAÇÃO _INSTITUICIONAL, COMPREENDENDO A DIVULGAÇÃO DE INFORMAÇÕES DE UTILIDADE PUBLICA E DE INTERESSE COLETIVO, POR MEIO DOS SEGUINTES MEIOS DE COMUNICAÇÃO: RADIO, SISTEMA DE SOM VOLANTE, SITE DE NOTICIAS E OUTDOOR, COM COMPROVADA ABRANGENCIA NA ZONA URBANA E RURAL DO MUNICIPIO DE ALAGOINHAS/BA E EM SUA REGIAO CIRCUNVIZINHA,";;;;;;;;;;;;;;;;;;;;
"414-2025";;;;;;;;;;;;"CRED0008-2025";;;;"17/10/2025";"VENCIDO";"62.129.369 LUCINEIDE DE JESUS NEGREIRO BOMFIM";;;;"17/10/2025";;;;"31/12/2025";;;;"R$ 15.000,00";;
;;;;;;;;;;;;;;;;;;;;;;;;;;;;;;;;
"";;;;;;;;"";;;;;;;;;;;;;;;;;;;;

"Gestor/Fiscal";;;;;;;;;;;;;"Nome";;;;"Unid. Orçamentária";;"Órgão";;;;;;;"Data Início";;;"Data Fim"

"Objeto:";;;;;;;;"CREDENCIAMENTO PARA CONTRATAÇÃO DE EMPRESAS ESPECIALIZADAS NA PRESTAÇÃO DE SERVIÇOS DE COMUNICAÇÃO INSTITUICIONAL, COMPREENDENDO A DIVULGAÇÃO DE INFORMAÇÕES DE UTILIDADE PÚBLICA E DE INTERESSE COLETIVO, POR MEIO DOS SEGUINTES MEIOS DE COMUNICAÇÃO: RÁDIO, SISTEMA DE SOM VOLANTE, SITE DE NOTÍCIAS E OUTDOOR, COM COMPROVADA ABRANGÊNCIA NA ZONA URBANA E RURAL DO MUNICÍPIO DE ALAGOINHAS/BA E EM SUA REGIÃO CIRCUNVIZINHA";;;;;;;;;;;;;;;;;;;;
"415-2025";;;;;;;;;;;;"CRED0008-2025";;;;"17/10/2025";"VENCIDO";"21.208.602 RODRIGO DE MOURA LIMA";;;;"17/10/2025";;;;"31/12/2025";;;;"R$ 15.000,00";;
;;;;;;;;;;;;;;;;;;;;;;;;;;;;;;;;
"";;;;;;;;"";;;;;;;;;;;;;;;;;;;;

"Gestor/Fiscal";;;;;;;;;;;;;"Nome";;;;"Unid. Orçamentária";;"Órgão";;;;;;;"Data Início";;;"Data Fim"

"Objeto:";;;;;;;;"CREDENCIAMENTO PARA CONTRATAÇÃO DE EMPRESAS ESPECIALIZADAS NA PRESTAÇÃO DE SERVIÇOS DE COMUNICAÇÃO INSTITUICIONAL, COMPREENDENDO A DIVULGAÇÃO DE INFORMAÇÕES DE UTILIDADE PÚBLICA E DE INTERESSE COLETIVO, POR MEIO DOS SEGUINTES MEIOS DE COMUNICAÇÃO: RÁDIO, SISTEMA DE SOM VOLANTE, SITE DE NOTÍCIAS E OUTDOOR, COM COMPROVADA ABRANGÊNCIA NA ZONA URBANA E RURAL DO MUNICÍPIO DE ALAGOINHAS/BA E EM SUA REGIÃO CIRCUNVIZINHA,";;;;;;;;;;;;;;;;;;;;
;;;;;;;;;;;;;;;;;;;;;;;;;;;;
"";;;;;;;;"";;;;;;;;;;;;;;;;;;;;

"Contabilis - Desenvolvido por 3Tecnos Tecnologia  /   /       Chave do Filtro: KM4N-XALJ-MBKY-ALLJ-8D7S
SPID: 8216";;;;;;;;;;;;;;;;;;;;"";;;;;"Página 29 de 34";;;;;;;
"ESTADO DA BAHIA";;;;;;;;;;;;;;;;;"";;;;;;;;
;;;;;;;;;;;;;;;;
"PREFEITURA MUNICIPAL DE ALAGOINHAS";;;;;;;;;;;;;;;;;;;;;;;;;;
"Relação de Contratos";;;;;;;;;;;;;;;;;;;;;;;;;;

"ABRIL/2026";;;;;

"Contrato";;;;;;;;;;;;"Processo";;;;"Assinatura";"Situação";"Credor/Fornecedor";;;;"Vigência";;;;;;;;"Valor";;
;;;;;;;;;;;;;;;;;;;;;;"Início";;;;"Fim";;;;;;
"416-2025";;;;;;;;;;;;"CRED0008-2025";;;;"17/10/2025";"VENCIDO";"60.375.713 MARCELO CESAR PAIVA DA SILVA";;;;"17/10/2025";;;;"31/12/2025";;;;"R$ 15.000,00";;

"Gestor/Fiscal";;;;;;;;;;;;;"Nome";;;;"Unid. Orçamentária";;"Órgão";;;;;;;"Data Início";;;"Data Fim"

"Objeto:";;;;;;;;"CREDENCIAMENTO PARA CONTRATAÇÃO DE EMPRESAS ESPECIALIZADAS NA PRESTAÇÃO DE SERVIÇOS DE COMUNICAÇÃO INSTITUICIONAL, COMPREENDENDO A DIVULGAÇÃO DE INFORMAÇÕES DE UTILIDADE PÚBLICA E DE INTERESSE COLETIVO, POR MEIO DOS SEGUINTES MEIOS DE COMUNICAÇÃO: RÁDIO, SISTEMA DE SOM VOLANTE, SITE DE NOTÍCIAS E OUTDOOR, COM COMPROVADA ABRANGÊNCIA NA ZONA URBANA E RURAL DO MUNICÍPIO DE ALAGOINHAS/BA E EM SUA REGIÃO CIRCUNVIZINHA,";;;;;;;;;;;;;;;;;;;;
"417-2025";;;;;;;;;;;;"CRE0008-2025";;;;"17/10/2025";"VENCIDO";"FONTES MARKETING, COMUNICACAO & ESTRATEGIA LTDA - ME";;;;"17/10/2025";;;;"31/12/2025";;;;"R$ 15.000,00";;
;;;;;;;;;;;;;;;;;;;;;;;;;;;;;;;;
;;;;;;;;;;;;;;;;;;;;;;;;;;;;;;;;
"";;"Gestor/Fiscal";;;;;;;;;;;;;"Nome";;;;"Unid. Orçamentária";;"Órgão";;;;;;;"Data Início";;;"Data Fim";""
;;;;;;;;;;;;;;;;;;;;;;;;;;;;;

"Objeto:";;;;;;;;"CREDENCIAMENTO PARA CONTRATAÇÃO DE EMPRESAS ESPECIALIZADAS NA PRESTAÇÃO DE SERVIÇOS DE COMUNICAÇÃO INSTITUICIONAL, COMPREENDENDO A DIVULGAÇÃO DE INFORMAÇÕES DE UTILIDADE PÚBLICA E DE INTERESSE COLETIVO, POR MEIO DOS SEGUINTES MEIOS DE COMUNICAÇÃO: RÁDIO, SISTEMA DE SOM VOLANTE, SITE DE NOTÍCIAS E OUTDOOR, COM COMPROVADA ABRANGÊNCIA NA ZONA URBANA E RURAL DO MUNICÍPIO DE ALAGOINHAS/BA E EM SUA REGIÃO CIRCUNVIZINHA,";;;;;;;;;;;;;;;;;;;;
"418-2025";;;;;;;;;;;;"CRED0008-2025";;;;"09/10/2025";"VENCIDO";"RAMON REIS COSTA";;;;"09/10/2025";;;;"31/12/2025";;;;"R$ 15.000,00";;
;;;;;;;;;;;;;;;;;;;;;;;;;;;;;;;;
"";;;;;;;;"";;;;;;;;;;;;;;;;;;;;

"Gestor/Fiscal";;;;;;;;;;;;;"Nome";;;;"Unid. Orçamentária";;"Órgão";;;;;;;"Data Início";;;"Data Fim"

"Objeto:";;;;;;;;"CREDENCIAMENTO PARA CONTRATAÇÃO DE EMPRESAS ESPECIALIZADAS NA PRESTAÇÃO DE SERVIÇOS DE COMUNICAÇÃO INSTITUICIONAL, COMPREENDENDO A DIVULGAÇÃO DE INFORMAÇÕES DE UTILIDADE PÚBLICA E DE INTERESSE COLETIVO, POR MEIO DOS SEGUINTES MEIOS DE COMUNICAÇÃO: RÁDIO, SISTEMA DE SOM VOLANTE, SITE DE NOTÍCIAS E OUTDOOR, COM COMPROVADA ABRANGÊNCIA NA ZONA URBANA E RURAL DO MUNICÍPIO DE ALAGOINHAS/BA E EM SUA REGIÃO CIRCUNVIZINHA";;;;;;;;;;;;;;;;;;;;
"419-2025";;;;;;;;;;;;"CRED0008-2025";;;;"17/10/2025";"VENCIDO";"52.633.177 CARMEM JULIANA OLIVEIRA DO NASCIMENTO";;;;"17/10/2025";;;;"31/12/2025";;;;"R$ 15.000,00";;
;;;;;;;;;;;;;;;;;;;;;;;;;;;;;;;;
;;;;;;;;;;;;;;;;;;;;;;;;;;;;;;;;
"";;"Gestor/Fiscal";;;;;;;;;;;;;"Nome";;;;"Unid. Orçamentária";;"Órgão";;;;;;;"Data Início";;;"Data Fim";""
;;;;;;;;;;;;;;;;;;;;;;;;;;;;;

"Objeto:";;;;;;;;"CREDENCIAMENTO PARA CONTRATAÇÃO DE EMPRESAS ESPECIALIZADAS NA PRESTAÇÃO DE SERVIÇOS DE COMUNICAÇÃO INSTITUICIONAL, COMPREENDENDO A DIVULGAÇÃO DE INFORMAÇÕES DE UTILIDADE PÚBLICA E DE INTERESSE COLETIVO, POR MEIO DOS SEGUINTES MEIOS DE COMUNICAÇÃO: RÁDIO, SISTEMA DE SOM VOLANTE, SITE DE NOTÍCIAS E OUTDOOR, COM COMPROVADA ABRANGÊNCIA NA ZONA URBANA E RURAL DO MUNICÍPIO DE ALAGOINHAS/BA E EM SUA REGIÃO CIRCUNVIZINHA,";;;;;;;;;;;;;;;;;;;;
"420-2025";;;;;;;;;;;;"CRED0008-2025";;;;"09/10/2025";"VENCIDO";"FRANCINEIDE DE SANTANA DANTAS";;;;"09/10/2025";;;;"31/12/2025";;;;"R$ 15.000,00";;
;;;;;;;;;;;;;;;;;;;;;;;;;;;;;;;;
"";;;;;;;;"";;;;;;;;;;;;;;;;;;;;

"Gestor/Fiscal";;;;;;;;;;;;;"Nome";;;;"Unid. Orçamentária";;"Órgão";;;;;;;"Data Início";;;"Data Fim"

"Objeto:";;;;;;;;"CREDENCIAMENTO PARA CONTRATAÇÃO DE EMPRESAS ESPECIALIZADAS NA PRESTAÇÃO DE SERVIÇOS DE COMUNICAÇÃO INSTITUICIONAL, COMPREENDENDO A DIVULGAÇÃO DE INFORMAÇÕES DE UTILIDADE PÚBLICA E DE INTERESSE COLETIVO, POR MEIO DOS SEGUINTES MEIOS DE COMUNICAÇÃO: RÁDIO, SISTEMA DE SOM VOLANTE, SITE DE NOTÍCIAS E OUTDOOR, COM COMPROVADA ABRANGÊNCIA NA ZONA URBANA E RURAL DO MUNICÍPIO DE ALAGOINHAS/BA E EM SUA REGIÃO CIRCUNVIZINHA,";;;;;;;;;;;;;;;;;;;;
"421-2025";;;;;;;;;;;;"CRED0008-2025";;;;"17/10/2025";"VENCIDO";"JS TECNOLOGIA E SERVICOS EM INFORMATICA LTDA";;;;"17/10/2025";;;;"31/12/2025";;;;"R$ 15.000,00";;
;;;;;;;;;;;;;;;;;;;;;;;;;;;;;;;;
"";;;;;;;;"";;;;;;;;;;;;;;;;;;;;

"Gestor/Fiscal";;;;;;;;;;;;;"Nome";;;;"Unid. Orçamentária";;"Órgão";;;;;;;"Data Início";;;"Data Fim"

"Objeto:";;;;;;;;"CREDENCIAMENTO PARA CONTRATAÇÃO DE EMPRESAS ESPECIALIZADAS NA PRESTAÇÃO DE SERVIÇOS DE COMUNICAÇÃO INSTITUICIONAL, COMPREENDENDO A DIVULGAÇÃO DE INFORMAÇÕES DE UTILIDADE PÚBLICA E DE INTERESSE COLETIVO, POR MEIO DOS SEGUINTES MEIOS DE COMUNICAÇÃO: RÁDIO, SISTEMA DE SOM VOLANTE, SITE DE NOTÍCIAS E OUTDOOR, COM COMPROVADA ABRANGÊNCIA NA ZONA URBANA E RURAL DO MUNICÍPIO DE ALAGOINHAS/BA E EM SUA REGIÃO CIRCUNVIZINHA";;;;;;;;;;;;;;;;;;;;
;;;;;;;;;;;;;;;;;;;;;;;;;;;;
"";;;;;;;;"";;;;;;;;;;;;;;;;;;;;

"Contabilis - Desenvolvido por 3Tecnos Tecnologia  /   /       Chave do Filtro: KM4N-XALJ-MBKY-ALLJ-8D7S
SPID: 8216";;;;;;;;;;;;;;;;;;;;"";;;;;"Página 30 de 34";;;;;;;
"ESTADO DA BAHIA";;;;;;;;;;;;;;;;;"";;;;;;;;
;;;;;;;;;;;;;;;;
"PREFEITURA MUNICIPAL DE ALAGOINHAS";;;;;;;;;;;;;;;;;;;;;;;;;;
"Relação de Contratos";;;;;;;;;;;;;;;;;;;;;;;;;;

"ABRIL/2026";;;;;

"Contrato";;;;;;;;;;;;"Processo";;;;"Assinatura";"Situação";"Credor/Fornecedor";;;;"Vigência";;;;;;;;"Valor";;
;;;;;;;;;;;;;;;;;;;;;;"Início";;;;"Fim";;;;;;
"422-2025";;;;;;;;;;;;"CRED0008-2025";;;;"17/10/2025";"VENCIDO";"59.688.651 RUI DE ALBUQUERQUE";;;;"17/10/2025";;;;"31/12/2025";;;;"R$ 15.000,00";;

"Gestor/Fiscal";;;;;;;;;;;;;"Nome";;;;"Unid. Orçamentária";;"Órgão";;;;;;;"Data Início";;;"Data Fim"

"Objeto:";;;;;;;;"CREDENCIAMENTO PARA CONTRATAÇÃO DE EMPRESAS ESPECIALIZADAS NA PRESTAÇÃO DE SERVIÇOS DE COMUNICAÇÃO INSTITUICIONAL, COMPREENDENDO A DIVULGAÇÃO DE INFORMAÇÕES DE UTILIDADE PÚBLICA E DE INTERESSE COLETIVO, POR MEIO DOS SEGUINTES MEIOS DE COMUNICAÇÃO: RÁDIO, SISTEMA DE SOM VOLANTE, SITE DE NOTÍCIAS E OUTDOOR, COM COMPROVADA ABRANGÊNCIA NA ZONA URBANA E RURAL DO MUNICÍPIO DE ALAGOINHAS/BA E EM SUA REGIÃO CIRCUNVIZINHA";;;;;;;;;;;;;;;;;;;;
"437-2025";;;;;;;;;;;;"DISPENSADE LICITAÇÃO";;;;"23/10/2025";"VENCIDO";"AGDA MOURA ARQUITETURA LIMITADA";;;;"23/10/2025";;;;"22/03/2026";;;;"R$ 59.900,00";;
;;;;;;;;;;;;;;;;;;;;;;;;;;;;;;;;
;;;;;;;;;;;;;;;;;;;;;;;;;;;;;;;;
"";;"Gestor/Fiscal";;;;;;;;;;;;;"Nome";;;;"Unid. Orçamentária";;"Órgão";;;;;;;"Data Início";;;"Data Fim";""
;;;;;;;;;;;;;;;;;;;;;;;;;;;;;

"Objeto:";;;;;;;;"CONTRATAÇÃO DE EMPRESA ESPECIALIZADA PARA ELABORAÇÃO DE PROJETO CENOGRÁFICO EM 2D E 3D E ACOMPANHAMENTO TÉCNICO DA EXECUÇÃO DOS EVENTOS BAHIA BEER E NATAL, CONTEMPLANDO O DESENVOLVIMENTO DE PROPOSTAS VISUAIS TRIDIMENSIONAIS DETALHAMENTO TÉCNICO DOS AMBIENTES, DEFINIÇÃO DE MATERIAIS, VOLUMETRIA E ILUMINAÇÃO, BEM COMO SUPORTE DURANTE A IMPLANTAÇÃO, DE FORMA A GARANTIR QUALIDADE ESTÉTICA, PADRONIZAÇÃO, ATRATIVIDADE, REPRESENTATIVIDADE CULTURAL E FUNCIONALIDADE DOS ESPAÇOS DESTINADOS ÀS FESTIVIDADES DA SECRETARIA DE CULTURA ESPORTE E TURISMO DO MUNICÍPIO DE ALAGOINHAS.";;;;;;;;;;;;;;;;;;;;
"438-2025";;;;;;;;;;;;"INEXIBILIDADE0068-20";;;;"24/10/2025";"VENCIDO";"CAPE SERVIÇOS HOTELEIROS LTDA - EPP";;;;"24/10/2025";;;;"23/01/2026";;;;"R$ 10.300,00";;
"";;;;;;;;"";;;;;;;;;;;;;;;;;;;;
"";;"Gestor/Fiscal";;;;;;;;;;;;;"Nome";;;;"Unid. Orçamentária";;"Órgão";;;;;;;"Data Início";;;"Data Fim"
"";;;;;;;;;;;;;;;;;;;;;;;;;;;;;;;
;;;;;;;;;;;;;;;;;;;;;;;;;;;;;

"Objeto:";;;;;;;;"CONTRATAÇÃO DE EMPRESA ESPECIALIZADA PARA PRESTAÇÃO DE SERVIÇO DE LOCAÇÃO DE ESPAÇO PARA A REALIZAÇÃO DO CASAMENTO SOCIAL REALIZADO PELA SECRETARIA MUNICIPAL DE DESENVOLVIMENTO SOCIAL.";;;;;;;;;;;;;;;;;;;;
"";;;;;;;;"";;;;;;;;;;;;;;;;;;;;

"439-2025";;;;;;;;;;;;"CREDENCIAMENTO0008-2";;;;"17/10/2025";"VENCIDO";"53.935.311 UESLEI SANTANA DOS SANTOS";;;;"17/10/2025";;;;"31/12/2025";;;;"R$ 15.000,00";;
"";;"Gestor/Fiscal";;;;;;;;;;;;;"Nome";;;;"Unid. Orçamentária";;"Órgão";;;;;;;"Data Início";;;"Data Fim";""
;;;;;;;;;;;;;;;;;;;;;;;;;;;;;

"Objeto:";;;;;;;;"CREDENCIAMENTO PARA CONTRATAÇÃO DE EMPRESAS ESPECIALIZADAS NA PRESTAÇÃO DE SERVIÇOS DE COMUNICAÇÃO INSTITUICIONAL, COMPREENDENDO A DIVULGAÇÃO DE INFORMAÇÕES DE UTILIDADE PÚBLICA E DE INTERESSE COLETIVO, POR MEIO DOS SEGUINTES MEIOS DE COMUNICAÇÃO: RÁDIO, SISTEMA DE SOM VOLANTE, SITE DE NOTÍCIAS E OUTDOOR, COM COMPROVADA ABRANGÊNCIA NA ZONA URBANA E RURAL DO MUNICÍPIO DE ALAGOINHAS/BA E EM SUA REGIÃO CIRCUNVIZINHA,";;;;;;;;;;;;;;;;;;;;
"440-2025";;;;;;;;;;;;"008";;;;"17/10/2025";"VENCIDO";"49.798.270 JOSIMARY KELLY AMADO SANTOS";;;;"17/10/2025";;;;"31/12/2025";;;;"R$ 15.000,00";;
;;;;;;;;;;;;;;;;;;;;;;;;;;;;;;;;
"";;;;;;;;"";;;;;;;;;;;;;;;;;;;;

"Gestor/Fiscal";;;;;;;;;;;;;"Nome";;;;"Unid. Orçamentária";;"Órgão";;;;;;;"Data Início";;;"Data Fim"

"Objeto:";;;;;;;;"CREDENCIAMENTO PARA CONTRATAÇÃO DE EMPRESAS ESPECIALIZADAS NA PRESTAÇÃO DE SERVIÇOS DE COMUNICAÇÃO INSTITUICIONAL COMPREENDENDO A DIVULGAÇÃO DE INFORMAÇÕES DE UTILIDADE PUBLICA E DE INTERESSE COLETIVO, POR MEIO DOS SEGUINTES MEIOS DE COMUNICAÇÃO: RADIO, SISTEMA DE SOM VOLANTE, SITE DE NOTICIAS E OUTDOOR, COM COMPROVADA ABRANGENCIA NA ZONA URBANA E RURAL DO MUNICIPIO DE ALAGOINHAS/BA E EM SUA REGIÃO CIRCUNVIZINHA,";;;;;;;;;;;;;;;;;;;;
"441-2025";;;;;;;;;;;;"008";;;;"17/10/2025";"VENCIDO";"47.102.838 SANDRA ALVES DOS SANTOS";;;;"17/10/2025";;;;"31/12/2025";;;;"R$ 15.000,00";;
;;;;;;;;;;;;;;;;;;;;;;;;;;;;;;;;
"";;;;;;;;"";;;;;;;;;;;;;;;;;;;;

"Gestor/Fiscal";;;;;;;;;;;;;"Nome";;;;"Unid. Orçamentária";;"Órgão";;;;;;;"Data Início";;;"Data Fim"

"Objeto:";;;;;;;;"CREDENCIAMENTO PARA CONTRATAÇÃO DE EMPRESAS ESPECIALIZADAS NA PRESTAÇÃO DE SERVIÇOS DE COMUNICAÇÃO INSTITUICIONAL, COMPREENDENDO A DIVULGAÇÃO DE INFORMAÇÕES DE UTILIDADE PÚBLICA E DE INTERESSE COLETIVO, POR MEIO DOS SEGUINTES MEIOS DE COMUNICAÇÃO: RÁDIO, SISTEMA DE SOM VOLANTE, SITE DE NOTÍCIAS E OUTDOOR, COM COMPROVADA ABRANGÊNCIA NA ZONA URBANA E RURAL DO MUNICÍPIO DE ALAGOINHAS/BA E EM SUA REGIÃO CIRCUNVIZINHA";;;;;;;;;;;;;;;;;;;;
;;;;;;;;;;;;;;;;;;;;;;;;;;;;
"";;;;;;;;"";;;;;;;;;;;;;;;;;;;;

"Contabilis - Desenvolvido por 3Tecnos Tecnologia  /   /       Chave do Filtro: KM4N-XALJ-MBKY-ALLJ-8D7S
SPID: 8216";;;;;;;;;;;;;;;;;;;;"";;;;;"Página 31 de 34";;;;;;;
"ESTADO DA BAHIA";;;;;;;;;;;;;;;;;"";;;;;;;;
;;;;;;;;;;;;;;;;
"PREFEITURA MUNICIPAL DE ALAGOINHAS";;;;;;;;;;;;;;;;;;;;;;;;;;
"Relação de Contratos";;;;;;;;;;;;;;;;;;;;;;;;;;

"ABRIL/2026";;;;;

"Contrato";;;;;;;;;;;;"Processo";;;;"Assinatura";"Situação";"Credor/Fornecedor";;;;"Vigência";;;;;;;;"Valor";;
;;;;;;;;;;;;;;;;;;;;;;"Início";;;;"Fim";;;;;;
"442-2025";;;;;;;;;;;;"008";;;;"17/10/2025";"VENCIDO";"47.814.294 KAYO RANYEL DO CARMO REIS ARAUJO";;;;"17/10/2025";;;;"31/12/2025";;;;"R$ 15.000,00";;

"Gestor/Fiscal";;;;;;;;;;;;;"Nome";;;;"Unid. Orçamentária";;"Órgão";;;;;;;"Data Início";;;"Data Fim"

"Objeto:";;;;;;;;"CREDENCIAMENTO PARA CONTRATAÇÃO DE EMPRESAS ESPECIALIZADAS NA PRESTAÇÃO DE SERVIÇOS DE COMUNICAÇÃO,INSTITUCIONAL,COMPREENDENDO A DIVULGAÇÃO DE INFORMAÇÕES DE UTILIDADE PÚBLICA E DE INTERESSE COLETIVO,POR MEIOS DOS SEGUINTES MEIOS DE COMUNICAÇÃO:RADIO,SISTEMA DE SOM VOLANTE,SITE DE NOTICIAS E OUTDOOR,COM COMPROVADA ABRANGÊNCIA NA ZONA URBANA  E RURAL DO MUNICIPIO DE ALAGOINHAS E REGIÕES CIRCUNVIZINHAS";;;;;;;;;;;;;;;;;;;;
"444-2025";;;;;;;;;;;;"069";;;;"17/10/2025";"VENCIDO";"HFS PRODUÇÃO MUSICAL ARTE E CULTURAL LTDA";;;;"17/10/2025";;;;"16/01/2026";;;;"R$ 14.000,00";;
;;;;;;;;;;;;;;;;;;;;;;;;;;;;;;;;
"";;;;;;;;"";;;;;;;;;;;;;;;;;;;;

"Gestor/Fiscal";;;;;;;;;;;;;"Nome";;;;"Unid. Orçamentária";;"Órgão";;;;;;;"Data Início";;;"Data Fim"

"Objeto:";;;;;;;;"CONTRATACAO DE ATRAGAO ARTISTICA PARA
APRESENTAGAO DE SHOW MUSICAL DE HIRAN NO | FESTIVAL LITERARIO DO LITORAL NORTE E
AGRESTE BAIANO - FELINA NO MUNICIPIO DE ALAGOINHAS/BA.";;;;;;;;;;;;;;;;;;;;
"445-2025";;;;;;;;;;;;"071";;;;"22/10/2025";"VENCIDO";"CHIMARRUTS - GRUPO MUSICAL LTDA";;;;"22/10/2025";;;;"21/01/2026";;;;"R$ 65.000,00";;
;;;;;;;;;;;;;;;;;;;;;;;;;;;;;;;;
;;;;;;;;;;;;;;;;;;;;;;;;;;;;;;;;

"Gestor/Fiscal";;;;;;;;;;;;;"Nome";;;;"Unid. Orçamentária";;"Órgão";;;;;;;"Data Início";;;"Data Fim"

"Objeto:";;;;;;;;"CONTRATAÇÃO DE ATRAÇÃO ARTISTICA PARA APRESENTAÇÃO DE SHOW MUSICAL DA BANDA CHIMARRUTS NA FESTA DO BAHIA BEER DO MUNICIPIO DE ALAGOINHASIBA.";;;;;;;;;;;;;;;;;;;;
"";;;;;;;;"";;;;;;;;;;;;;;;;;;;;

"446-2025";;;;;;;;;;;;"070";;;;"17/10/2025";"VENCIDO";"TN COMERCIO DE MATERIAIS ELETRICOS E SERVICOS LTDA";;;;"17/10/2025";;;;"16/01/2026";;;;"R$ 50.000,00";;
"";;"Gestor/Fiscal";;;;;;;;;;;;;"Nome";;;;"Unid. Orçamentária";;"Órgão";;;;;;;"Data Início";;;"Data Fim";""
;;;;;;;;;;;;;;;;;;;;;;;;;;;;;

"Objeto:";;;;;;;;"CONTRATAÇÃO DE ATRAÇÃO ARTISTICA PARA APRESENTAÇÃO DE SHOW MUSICAL DE MARCOS ANTONIO (O NEGRÃO ABENÇOADO) NO CLAMA BOA UNIÃO.";;;;;;;;;;;;;;;;;;;;
"";;;;;;;;"";;;;;;;;;;;;;;;;;;;;

"452-2025";;;;;;;;;;;;"008";;;;"31/10/2025";"VENCIDO";"A. DE SANTANA SOUZA";;;;"31/10/2025";;;;"30/03/2026";;;;"R$ 195,00";;

"Gestor/Fiscal";;;;;;;;;;;;;"Nome";;;;"Unid. Orçamentária";;"Órgão";;;;;;;"Data Início";;;"Data Fim"

"Objeto:";;;;;;;;"CREDENCIAMENTO PARA CONTRATAÇÃO DE EMPRESAS ESPECIALIZADAS NA PRESTAÇÃO DE SERVIÇOS DE COMUNICAÇÃO INSTITUICIONAL, COMPREENDENDO A DIVULGAÇÃO DE INFORMAÇÕES DE UTILIDADE PUBLICA E DE INTERESSE COLETIVO, POR MEIO DOS SEGUINTES MEIOS DE COMUNICAÇÃO: RADIO, SISTEMA DE SOM VOLANTE, SITE DE NOTICIAS E OUTDOOR, COM COMPROVADA ABRANGENCIA NA ZONA URBANA E RURAL DO MUNICIPIO DE ALAGOINHAS/BA E EM SUA REGIÃO CIRCUNVIZINHA";;;;;;;;;;;;;;;;;;;;
"453-2025";;;;;;;;;;;;"008";;;;"31/10/2025";"VENCIDO";"PEGA COMERCIO E SERVIÇOS LTDA";;;;"31/10/2025";;;;"30/03/2026";;;;"R$ 19.500,00";;
;;;;;;;;;;;;;;;;;;;;;;;;;;;;;;;;
"";;;;;;;;"";;;;;;;;;;;;;;;;;;;;

"Gestor/Fiscal";;;;;;;;;;;;;"Nome";;;;"Unid. Orçamentária";;"Órgão";;;;;;;"Data Início";;;"Data Fim"

"Objeto:";;;;;;;;"CREDENCIAMENTO PARA CONTRATAÇÃO DE EMPRESAS ESPECIALIZADAS NA PRESTAÇÃO DE SERVIÇOS DE COMUNICAÇÃO INSTITUICIONAL, COMPREENDENDO A DIVULGAÇÃO DE INFORMAÇÕES DE UTILIDADE PUBLICA E DE INTERESSE COLETIVO, POR MEIO DOS SEGUINTES MEIOS DE COMUNICAÇÃO: RADIO, SISTEMA DE SOM VOLANTE, SITE DE NOTICIAS E OUTDOOR, COM COMPROVADA ABRANGENCIA NA ZONA URBANA E RURAL DO MUNICIPIO DE ALAGOINHAS/BA E EM SUA REGIÃO CIRCUNVIZINHA";;;;;;;;;;;;;;;;;;;;
;;;;;;;;;;;;;;;;;;;;;;;;;;;;
"";;;;;;;;"";;;;;;;;;;;;;;;;;;;;

"Contabilis - Desenvolvido por 3Tecnos Tecnologia  /   /       Chave do Filtro: KM4N-XALJ-MBKY-ALLJ-8D7S
SPID: 8216";;;;;;;;;;;;;;;;;;;;"";;;;;"Página 32 de 34";;;;;;;
"ESTADO DA BAHIA";;;;;;;;;;;;;;;;;"";;;;;;;;
;;;;;;;;;;;;;;;;
"PREFEITURA MUNICIPAL DE ALAGOINHAS";;;;;;;;;;;;;;;;;;;;;;;;;;
"Relação de Contratos";;;;;;;;;;;;;;;;;;;;;;;;;;

"ABRIL/2026";;;;;

"Contrato";;;;;;;;;;;;"Processo";;;;"Assinatura";"Situação";"Credor/Fornecedor";;;;"Vigência";;;;;;;;"Valor";;
;;;;;;;;;;;;;;;;;;;;;;"Início";;;;"Fim";;;;;;
"454-2025";;;;;;;;;;;;"008";;;;"31/10/2025";"VENCIDO";"JMX SOLUCOES E COMUNICACAO LTDA";;;;"31/10/2025";;;;"30/03/2026";;;;"R$ 19.500,00";;

"Gestor/Fiscal";;;;;;;;;;;;;"Nome";;;;"Unid. Orçamentária";;"Órgão";;;;;;;"Data Início";;;"Data Fim"

"Objeto:";;;;;;;;"CREDENCIAMENTO PARA CONTRATAçãO DE EMPRESAS ESPECIALIZADAS NA PRESTAÇÃO DE SERVIÇOS DE COMUNICAÇÃO INSTITUICIONAL, COMPREENDENDO A DIVULGAÇÃO DE INFORMAÇÕES DE UTILIDADE PUBLICA E DE INTERESSE COLETIVO, POR MEIO DOS SEGUINTES MEIOS DE COMUNICAÇÃO: RADIO, SISTEMA DE SOM VOLANTE, SITE DE NOTICIAS E OUTDOOR, COM COMPROVADA ABRANGENCIA NA ZONA URBANA E RURAL DO MUNICIPIO DE ALAGOINHAS/BA E EM SUA REGIAO CIRCUNVIZINHA,";;;;;;;;;;;;;;;;;;;;
"455-2025";;;;;;;;;;;;"008";;;;"20/10/2025";"VENCIDO";"RAMON REIS COSTA";;;;"20/10/2025";;;;"19/03/2026";;;;"R$ 19.500,00";;
;;;;;;;;;;;;;;;;;;;;;;;;;;;;;;;;
"";;;;;;;;"";;;;;;;;;;;;;;;;;;;;

"Gestor/Fiscal";;;;;;;;;;;;;"Nome";;;;"Unid. Orçamentária";;"Órgão";;;;;;;"Data Início";;;"Data Fim"

"Objeto:";;;;;;;;"CREDENCIAMENTO PARA CONTRATAçãO DE EMPRESAS ESPECIALIZADAS NA PRESTAÇÃO DE SERVIÇOS DE COMUNICAÇÃO INSTITUICIONAL, COMPREENDENDO A DIVULGAÇÃO DE INFORMAÇÕES DE UTILIDADE PUBLICA E DE INTERESSE COLETIVO, POR MEIO DOS SEGUINTES MEIOS DE COMUNICAÇÃO: RADIO, SISTEMA DE SOM VOLANTE, SITE DE NOTICIAS E OUTDOOR, COM COMPROVADA ABRANGENCIA NA ZONA URBANA E RURAL DO MUNICIPIO DE ALAGOINHAS/BA E EM SUA REGIAO CIRCUNVIZINHA,";;;;;;;;;;;;;;;;;;;;
"456-2025";;;;;;;;;;;;"008";;;;"20/10/2025";"VENCIDO";"A VOZ DA CIDADE PUBLICIDADES LTDA";;;;"20/10/2025";;;;"19/03/2026";;;;"R$ 15.750,00";;
;;;;;;;;;;;;;;;;;;;;;;;;;;;;;;;;
"";;;;;;;;"";;;;;;;;;;;;;;;;;;;;

"Gestor/Fiscal";;;;;;;;;;;;;"Nome";;;;"Unid. Orçamentária";;"Órgão";;;;;;;"Data Início";;;"Data Fim"

"Objeto:";;;;;;;;"CREDENCIAMENTO PARA CONTRATAçãO DE EMPRESAS ESPECIALIZADAS NA PRESTAÇÃO DE SERVIÇOS DE COMUNICAÇÃO INSTITUICIONAL, COMPREENDENDO A DIVULGAÇÃO DE INFORMAÇÕES DE UTILIDADE PUBLICA E DE INTERESSE COLETIVO, POR MEIO DOS SEGUINTES MEIOS DE COMUNICAÇÃO: RADIO, SISTEMA DE SOM VOLANTE, SITE DE NOTICIAS E OUTDOOR, COM COMPROVADA ABRANGENCIA NA ZONA URBANA E RURAL DO MUNICIPIO DE ALAGOINHAS/BA E EM SUA REGIAO CIRCUNVIZINHA,";;;;;;;;;;;;;;;;;;;;
"457-2025";;;;;;;;;;;;"008";;;;"31/10/2025";"VENCIDO";"RADIO EMISSORA DE ALAGOINHAS LTDA ME";;;;"31/10/2025";;;;"30/03/2026";;;;"R$ 42.200,00";;
;;;;;;;;;;;;;;;;;;;;;;;;;;;;;;;;
"";;;;;;;;"";;;;;;;;;;;;;;;;;;;;

"Gestor/Fiscal";;;;;;;;;;;;;"Nome";;;;"Unid. Orçamentária";;"Órgão";;;;;;;"Data Início";;;"Data Fim"

"Objeto:";;;;;;;;"CREDENCIAMENTO PARA CONTRATAçãO DE EMPRESAS ESPECIALIZADAS NA PRESTAÇÃO DE SERVIÇOS DE COMUNICAÇÃO INSTITUICIONAL, COMPREENDENDO A DIVULGAÇÃO DE INFORMAÇÕES DE UTILIDADE PUBLICA E DE INTERESSE COLETIVO, POR MEIO DOS SEGUINTES MEIOS DE COMUNICAÇÃO: RADIO, SISTEMA DE SOM VOLANTE, SITE DE NOTICIAS E OUTDOOR, COM COMPROVADA ABRANGENCIA NA ZONA URBANA E RURAL DO MUNICIPIO DE ALAGOINHAS/BA E EM SUA REGIAO CIRCUNVIZINHA,";;;;;;;;;;;;;;;;;;;;
"458-2025";;;;;;;;;;;;"008";;;;"31/10/2025";"VENCIDO";"RÁDIO FM E RTV OURO NEGRO LTDA";;;;"31/10/2025";;;;"30/03/2026";;;;"R$ 42.200,00";;
;;;;;;;;;;;;;;;;;;;;;;;;;;;;;;;;
"";;;;;;;;"";;;;;;;;;;;;;;;;;;;;

"Gestor/Fiscal";;;;;;;;;;;;;"Nome";;;;"Unid. Orçamentária";;"Órgão";;;;;;;"Data Início";;;"Data Fim"

"Objeto:";;;;;;;;"CREDENCIAMENTO PARA CONTRATAÇÃO DE EMPRESAS ESPECIALIZADAS NA PRESTAÇÃO DE SERVICOS DE COMUNICAÇÃO INSTITUICIONAL, COMPREENDENDO A DIVULGAÇÃO DE INFORMAÇÕES DE UTILIDADE PUBLICA E DE INTERESSE COLETIVO, POR MEIO DOS SEGUINTES MEIOS DE COMUNICAÇÃO: RADIO, SISTEMA DE SOM VOLANTE, SITE DE NOTICIAS E OUTDOOR, COM COMPROVADA ABRANGENCIA NA ZONA URBANA E RURAL DO MUNICIPIO DE ALAGOINHAS/BA E EM SUA REGIÃO CIRCUNVIZINHA,";;;;;;;;;;;;;;;;;;;;
"459-2025";;;;;;;;;;;;"008";;;;"31/10/2025";"VENCIDO";"T L COMUNICACAO LTDA";;;;"31/10/2025";;;;"30/03/2026";;;;"R$ 42.200,00";;
;;;;;;;;;;;;;;;;;;;;;;;;;;;;;;;;
"";;;;;;;;"";;;;;;;;;;;;;;;;;;;;

"Gestor/Fiscal";;;;;;;;;;;;;"Nome";;;;"Unid. Orçamentária";;"Órgão";;;;;;;"Data Início";;;"Data Fim"

"Objeto:";;;;;;;;"CREDENCIAMENTO PARA CONTRATAÇÃO DE EMPRESAS ESPECIALIZADAS NA PRESTAÇÃO DE SERVIÇOS DE COMUNICAÇÃO INSTITUICIONAL, COMPREENDENDO A DIVULGAÇÃO DE INFORMAÇÕES DE UTILIDADE PUBLICA E DE INTERESSE COLETIVO, POR MEIO DOS SEGUINTES MEIOS DE COMUNICAÇÃO: RADIO, SISTEMA DE SOM VOLANTE, SITE DE NOTICIAS E OUTDOOR, COM COMPROVADA ABRANGENCIA NA ZONA URBANA E RURAL DO MUNICIPIO DE ALAGOINHAS/BA E EM SUA REGIAO CIRCUNVIZINHA,";;;;;;;;;;;;;;;;;;;;
;;;;;;;;;;;;;;;;;;;;;;;;;;;;
"";;;;;;;;"";;;;;;;;;;;;;;;;;;;;

"Contabilis - Desenvolvido por 3Tecnos Tecnologia  /   /       Chave do Filtro: KM4N-XALJ-MBKY-ALLJ-8D7S
SPID: 8216";;;;;;;;;;;;;;;;;;;;"";;;;;"Página 33 de 34";;;;;;;
"ESTADO DA BAHIA";;;;;;;;;;;;;;;;;;;"";;;;;;;;;;
;;;;;;;;;;;;;;;;;;
"PREFEITURA MUNICIPAL DE ALAGOINHAS";;;;;;;;;;;;;;;;;;;;;;;;;;;;;;
"Relação de Contratos";;;;;;;;;;;;;;;;;;;;;;;;;;;;;;

"ABRIL/2026";;;;;;;

"Contrato";;;;;;;;;;;;"Processo";;;;"Assinatura";"Situação";"Credor/Fornecedor";;;;;"Vigência";;;;;;;;;;"Valor";;;
;;;;;;;;;;;;;;;;;;;;;;;"Início";;;;;"Fim";;;;;;;;
"460-2025";;;;;;;;;;;;"008";;;;"31/10/2025";"VENCIDO";"RADIO REGIONAL DE ALAGOINHAS LTDA - EPP";;;;;"31/10/2025";;;;;"30/03/2026";;;;;"R$ 42.150,00";;;

"Gestor/Fiscal";;;;;;;;;;;;;"Nome";;;;"Unid. Orçamentária";;"Órgão";;;;;;;;;;"Data Início";;;;"Data Fim"

"Objeto:";;;;;;;;"CREDENCIAMENTO PARA CONTRATAÇÃO DE EMPRESAS ESPECIALIZADAS NA PRESTAÇÃO DE SERVIÇOS DE COMUNICAÇÃO INSTITUICIONAL, COMPREENDENDO A DIVULGAÇÃO DE INFORMAÇÕES DE UTILIDADE PUBLICA E DE INTERESSE COLETIVO, POR MEIO DOS SEGUINTES MEIOS DE COMUNICAÇÃO: RADIO, SISTEMA DE SOM VOLANTE, SITE DE NOTICIAS E OUTDOOR, COM COMPROVADA ABRANGENCIA NA ZONA URBANA E RURAL DO MUNICIPIO DE ALAGOINHAS/BA E EM SUA REGIÃO CIRCUNVIZINHA,.";;;;;;;;;;;;;;;;;;;;;;;
"461-2025";;;;;;;;;;;;"072";;;;"21/10/2025";"VENCIDO";"GW2 PRODUCOES ARTISTICAS LTDA";;;;;"21/10/2025";;;;;"20/01/2026";;;;;"R$ 110.000,00";;;
;;;;;;;;;;;;;;;;;;;;;;;;;;;;;;;;;;;;
"";;;;;;;;"";;;;;;;;;;;;;;;;;;;;;;;

"Gestor/Fiscal";;;;;;;;;;;;;"Nome";;;;"Unid. Orçamentária";;"Órgão";;;;;;;;;;"Data Início";;;;"Data Fim"

"Objeto:";;;;;;;;"CONTRATAÇÃO DE ATRAÇÃO ARTISTICA PARA APRESENTAÇÃO DE SHOW MUSICAL DA BANDA FILHOS DE JORGE NA FESTA DO BAHIA BEER";;;;;;;;;;;;;;;;;;;;;;;
"";;;;;;;;"";;;;;;;;;;;;;;;;;;;;;;;

"481-2025";;;;;;;;;;;;"INEX0075-2025";;;;"04/11/2025";"VENCIDO";"HFS PRODUÇÃO MUSICAL ARTE E CULTURAL LTDA";;;;;"04/11/2025";;;;;"03/02/2026";;;;;"R$ 25.000,00";;;

"Gestor/Fiscal";;;;;;;;;;;;;"Nome";;;;"Unid. Orçamentária";;"Órgão";;;;;;;;;;"Data Início";;;;"Data Fim"

"Objeto:";;;;;;;;"CONTRATAÇÃO DE ATRAÇÃO ARTÍSTICA PARA APRESENTAÇÃO DE SHOW MUSICAL DE HIRAN NA FESTA DO BAHIA BEER.";;;;;;;;;;;;;;;;;;;;;;;
"";;;;;;;;"";;;;;;;;;;;;;;;;;;;;;;;

"484";;;;;;;;;;;;"INEX0077-2025";;;;"06/11/2025";"VENCIDO";"LION PRODUÇÕES E SERVIÇOS LTDA";;;;;"06/11/2025";;;;;"05/02/2026";;;;;"R$ 30.000,00";;;

"Gestor/Fiscal";;;;;;;;;;;;;"Nome";;;;"Unid. Orçamentária";;"Órgão";;;;;;;;;;"Data Início";;;;"Data Fim"

"Objeto:";;;;;;;;"CONTRATAÇÃO DE ATRAÇÃO ARTÍSTICA PARA APRESENTAÇÃO DE SHOW MUSICAL DE EZEQUIEL OLIVEIRA NO EVENTO ESCOLHIDOS.";;;;;;;;;;;;;;;;;;;;;;;
"";;;;;;;;"";;;;;;;;;;;;;;;;;;;;;;;

"486-2025";;;;;;;;;;;;"INEX0076-2025";;;;"06/11/2025";"VENCIDO";"ERIC DA SILVA GOMES 99639122572";;;;;"06/11/2025";;;;;"05/02/2026";;;;;"R$ 8.000,00";;;

"Gestor/Fiscal";;;;;;;;;;;;;"Nome";;;;"Unid. Orçamentária";;"Órgão";;;;;;;;;;"Data Início";;;;"Data Fim"

"Objeto:";;;;;;;;"CONTRATAÇÃO DE ATRAÇÃO ARTÍSTICA PARA APRESENTAÇÃO DE SHOW MUSICAL DE ERIC DA SILVA GOMES 99639122572.";;;;;;;;;;;;;;;;;;;;;;;
"";;;;;;;;"";;;;;;;;;;;;;;;;;;;;;;;


"Total de Registros:";;"204";;;;;;"Total:";;;;"R$ 102.679.326,85";;

"Contabilis - Desenvolvido por 3Tecnos Tecnologia  /   /       Chave do Filtro: KM4N-XALJ-MBKY-ALLJ-8D7S
SPID: 8216";;;;;;;;;;;;;;;;;;;;"";;;;;;;"Página 34 de 34";;;;;;;;;
